2025-10-25 22:50:33,594:INFO: Loading the datasets...
2025-10-25 22:51:04,981:INFO: Loading the datasets...
2025-10-25 23:00:09,141:INFO: Loading the datasets...
2025-10-25 23:00:09,941:INFO: - Done.
2025-10-25 23:00:10,068:INFO: Total params: 3.34M
2025-10-25 23:00:10,069:INFO: Starting training for 300 epoch(s)
2025-10-25 23:00:10,069:INFO: Epoch 1/300
2025-10-25 23:00:26,542:INFO: - Train metrics: train_loss: 11.985 ; train_true_loss: 11.762 ; train_group_ekd_loss: 0.002 ; train_group_dkd_loss: 0.006 ; train_contrastive_loss: 2.145 ; train_accTop1_target: 36.966 ; time: 16.472 ; train_acc_target: 36.966 ; train_acc_aux1: 36.907 ; train_acc_aux2: 36.011 ; train_acc_aux3: 36.518 ; train_acc_afm0: 37.930 ; train_acc_afm1: 37.679 ; train_acc_afm2: 37.679
2025-10-25 23:00:27,776:INFO: - Test metrics: test_loss: 11.370 ; test_true_loss: 11.149 ; test_group_ekd_loss: 0.003 ; test_group_dkd_loss: 0.010 ; test_contrastive_loss: 2.088 ; test_accTop1_target: 44.709 ; time: 1.232 ; test_acc_target: 44.709 ; test_acc_aux1: 48.170 ; test_acc_aux2: 48.329 ; test_acc_aux3: 48.734 ; test_accTop1_afm0: 46.905 ; test_accTop1_afm1: 47.478 ; test_accTop1_afm2: 48.467
2025-10-25 23:00:27,820:INFO: - Found better accuracy
2025-10-25 23:00:27,832:INFO: Epoch 2/300
2025-10-25 23:00:54,292:INFO: - Train metrics: train_loss: 8.641 ; train_true_loss: 8.276 ; train_group_ekd_loss: 0.094 ; train_group_dkd_loss: 0.056 ; train_contrastive_loss: 2.146 ; train_accTop1_target: 60.752 ; time: 26.459 ; train_acc_target: 60.752 ; train_acc_aux1: 61.762 ; train_acc_aux2: 62.541 ; train_acc_aux3: 62.233 ; train_acc_afm0: 61.284 ; train_acc_afm1: 61.340 ; train_acc_afm2: 61.438
2025-10-25 23:00:57,576:INFO: - Test metrics: test_loss: 9.431 ; test_true_loss: 9.108 ; test_group_ekd_loss: 0.062 ; test_group_dkd_loss: 0.052 ; test_contrastive_loss: 2.099 ; test_accTop1_target: 56.042 ; time: 3.281 ; test_acc_target: 56.042 ; test_acc_aux1: 59.790 ; test_acc_aux2: 62.401 ; test_acc_aux3: 60.829 ; test_accTop1_afm0: 56.290 ; test_accTop1_afm1: 56.280 ; test_accTop1_afm2: 56.349
2025-10-25 23:00:57,627:INFO: - Found better accuracy
2025-10-25 23:00:57,652:INFO: Epoch 3/300
2025-10-25 23:01:24,216:INFO: - Train metrics: train_loss: 6.945 ; train_true_loss: 6.530 ; train_group_ekd_loss: 0.118 ; train_group_dkd_loss: 0.076 ; train_contrastive_loss: 2.204 ; train_accTop1_target: 69.658 ; time: 26.563 ; train_acc_target: 69.658 ; train_acc_aux1: 70.153 ; train_acc_aux2: 71.465 ; train_acc_aux3: 71.309 ; train_acc_afm0: 69.994 ; train_acc_afm1: 69.998 ; train_acc_afm2: 70.049
2025-10-25 23:01:27,403:INFO: - Test metrics: test_loss: 8.119 ; test_true_loss: 7.780 ; test_group_ekd_loss: 0.072 ; test_group_dkd_loss: 0.051 ; test_contrastive_loss: 2.167 ; test_accTop1_target: 65.506 ; time: 3.185 ; test_acc_target: 65.506 ; test_acc_aux1: 66.189 ; test_acc_aux2: 67.514 ; test_acc_aux3: 67.188 ; test_accTop1_afm0: 65.487 ; test_accTop1_afm1: 65.506 ; test_accTop1_afm2: 65.536
2025-10-25 23:01:27,455:INFO: - Found better accuracy
2025-10-25 23:01:27,474:INFO: Epoch 4/300
2025-10-25 23:01:54,128:INFO: - Train metrics: train_loss: 6.128 ; train_true_loss: 5.673 ; train_group_ekd_loss: 0.141 ; train_group_dkd_loss: 0.086 ; train_contrastive_loss: 2.278 ; train_accTop1_target: 74.592 ; time: 26.653 ; train_acc_target: 74.592 ; train_acc_aux1: 74.624 ; train_acc_aux2: 76.057 ; train_acc_aux3: 76.019 ; train_acc_afm0: 74.722 ; train_acc_afm1: 74.736 ; train_acc_afm2: 74.762
2025-10-25 23:01:57,329:INFO: - Test metrics: test_loss: 9.045 ; test_true_loss: 8.678 ; test_group_ekd_loss: 0.084 ; test_group_dkd_loss: 0.054 ; test_contrastive_loss: 2.302 ; test_accTop1_target: 61.442 ; time: 3.199 ; test_acc_target: 61.442 ; test_acc_aux1: 67.336 ; test_acc_aux2: 61.521 ; test_acc_aux3: 65.981 ; test_accTop1_afm0: 61.501 ; test_accTop1_afm1: 61.491 ; test_accTop1_afm2: 61.521
2025-10-25 23:01:57,381:INFO: Epoch 5/300
2025-10-25 23:02:24,128:INFO: - Train metrics: train_loss: 5.665 ; train_true_loss: 5.185 ; train_group_ekd_loss: 0.159 ; train_group_dkd_loss: 0.092 ; train_contrastive_loss: 2.300 ; train_accTop1_target: 76.704 ; time: 26.746 ; train_acc_target: 76.704 ; train_acc_aux1: 76.853 ; train_acc_aux2: 77.980 ; train_acc_aux3: 78.108 ; train_acc_afm0: 76.845 ; train_acc_afm1: 76.851 ; train_acc_afm2: 76.871
2025-10-25 23:02:27,319:INFO: - Test metrics: test_loss: 6.345 ; test_true_loss: 5.968 ; test_group_ekd_loss: 0.088 ; test_group_dkd_loss: 0.059 ; test_contrastive_loss: 2.289 ; test_accTop1_target: 71.954 ; time: 3.190 ; test_acc_target: 71.954 ; test_acc_aux1: 74.565 ; test_acc_aux2: 75.208 ; test_acc_aux3: 76.157 ; test_accTop1_afm0: 72.280 ; test_accTop1_afm1: 72.310 ; test_accTop1_afm2: 72.409
2025-10-25 23:02:27,374:INFO: - Found better accuracy
2025-10-25 23:02:27,395:INFO: Epoch 6/300
2025-10-25 23:02:54,146:INFO: - Train metrics: train_loss: 5.401 ; train_true_loss: 4.897 ; train_group_ekd_loss: 0.176 ; train_group_dkd_loss: 0.098 ; train_contrastive_loss: 2.299 ; train_accTop1_target: 78.293 ; time: 26.749 ; train_acc_target: 78.293 ; train_acc_aux1: 78.318 ; train_acc_aux2: 79.621 ; train_acc_aux3: 79.836 ; train_acc_afm0: 78.400 ; train_acc_afm1: 78.414 ; train_acc_afm2: 78.456
2025-10-25 23:02:57,393:INFO: - Test metrics: test_loss: 7.107 ; test_true_loss: 6.720 ; test_group_ekd_loss: 0.093 ; test_group_dkd_loss: 0.063 ; test_contrastive_loss: 2.303 ; test_accTop1_target: 69.521 ; time: 3.244 ; test_acc_target: 69.521 ; test_acc_aux1: 72.172 ; test_acc_aux2: 75.554 ; test_acc_aux3: 74.258 ; test_accTop1_afm0: 70.144 ; test_accTop1_afm1: 70.134 ; test_accTop1_afm2: 70.154
2025-10-25 23:02:57,445:INFO: Epoch 7/300
2025-10-25 23:03:24,064:INFO: - Train metrics: train_loss: 5.152 ; train_true_loss: 4.630 ; train_group_ekd_loss: 0.190 ; train_group_dkd_loss: 0.102 ; train_contrastive_loss: 2.302 ; train_accTop1_target: 79.327 ; time: 26.618 ; train_acc_target: 79.327 ; train_acc_aux1: 79.384 ; train_acc_aux2: 80.718 ; train_acc_aux3: 80.749 ; train_acc_afm0: 79.403 ; train_acc_afm1: 79.413 ; train_acc_afm2: 79.435
2025-10-25 23:03:27,264:INFO: - Test metrics: test_loss: 8.063 ; test_true_loss: 7.638 ; test_group_ekd_loss: 0.108 ; test_group_dkd_loss: 0.087 ; test_contrastive_loss: 2.302 ; test_accTop1_target: 68.196 ; time: 3.197 ; test_acc_target: 68.196 ; test_acc_aux1: 72.261 ; test_acc_aux2: 73.220 ; test_acc_aux3: 71.885 ; test_accTop1_afm0: 68.394 ; test_accTop1_afm1: 68.453 ; test_accTop1_afm2: 68.523
2025-10-25 23:03:27,314:INFO: Epoch 8/300
2025-10-25 23:03:54,095:INFO: - Train metrics: train_loss: 5.026 ; train_true_loss: 4.484 ; train_group_ekd_loss: 0.205 ; train_group_dkd_loss: 0.107 ; train_contrastive_loss: 2.302 ; train_accTop1_target: 80.247 ; time: 26.779 ; train_acc_target: 80.247 ; train_acc_aux1: 80.304 ; train_acc_aux2: 81.382 ; train_acc_aux3: 81.608 ; train_acc_afm0: 80.309 ; train_acc_afm1: 80.312 ; train_acc_afm2: 80.358
2025-10-25 23:03:57,312:INFO: - Test metrics: test_loss: 7.050 ; test_true_loss: 6.665 ; test_group_ekd_loss: 0.098 ; test_group_dkd_loss: 0.056 ; test_contrastive_loss: 2.303 ; test_accTop1_target: 70.758 ; time: 3.214 ; test_acc_target: 70.758 ; test_acc_aux1: 70.738 ; test_acc_aux2: 72.557 ; test_acc_aux3: 74.842 ; test_accTop1_afm0: 70.787 ; test_accTop1_afm1: 70.787 ; test_accTop1_afm2: 70.916
2025-10-25 23:03:57,363:INFO: Epoch 9/300
2025-10-25 23:04:23,921:INFO: - Train metrics: train_loss: 4.870 ; train_true_loss: 4.324 ; train_group_ekd_loss: 0.209 ; train_group_dkd_loss: 0.107 ; train_contrastive_loss: 2.303 ; train_accTop1_target: 80.899 ; time: 26.557 ; train_acc_target: 80.899 ; train_acc_aux1: 81.577 ; train_acc_aux2: 82.156 ; train_acc_aux3: 82.279 ; train_acc_afm0: 80.915 ; train_acc_afm1: 80.927 ; train_acc_afm2: 80.957
2025-10-25 23:04:27,170:INFO: - Test metrics: test_loss: 5.556 ; test_true_loss: 5.162 ; test_group_ekd_loss: 0.113 ; test_group_dkd_loss: 0.051 ; test_contrastive_loss: 2.303 ; test_accTop1_target: 78.016 ; time: 3.245 ; test_acc_target: 78.016 ; test_acc_aux1: 78.244 ; test_acc_aux2: 77.878 ; test_acc_aux3: 79.055 ; test_accTop1_afm0: 78.046 ; test_accTop1_afm1: 78.076 ; test_accTop1_afm2: 78.076
2025-10-25 23:04:27,219:INFO: - Found better accuracy
2025-10-25 23:04:27,232:INFO: Epoch 10/300
2025-10-25 23:04:53,692:INFO: - Train metrics: train_loss: 4.793 ; train_true_loss: 4.222 ; train_group_ekd_loss: 0.228 ; train_group_dkd_loss: 0.114 ; train_contrastive_loss: 2.303 ; train_accTop1_target: 81.498 ; time: 26.458 ; train_acc_target: 81.498 ; train_acc_aux1: 81.978 ; train_acc_aux2: 82.582 ; train_acc_aux3: 82.712 ; train_acc_afm0: 81.498 ; train_acc_afm1: 81.524 ; train_acc_afm2: 81.558
2025-10-25 23:04:56,921:INFO: - Test metrics: test_loss: 5.289 ; test_true_loss: 4.867 ; test_group_ekd_loss: 0.119 ; test_group_dkd_loss: 0.072 ; test_contrastive_loss: 2.303 ; test_accTop1_target: 77.789 ; time: 3.228 ; test_acc_target: 77.789 ; test_acc_aux1: 78.629 ; test_acc_aux2: 78.639 ; test_acc_aux3: 79.717 ; test_accTop1_afm0: 77.818 ; test_accTop1_afm1: 77.838 ; test_accTop1_afm2: 77.898
2025-10-25 23:04:56,978:INFO: Epoch 11/300
2025-10-25 23:05:23,698:INFO: - Train metrics: train_loss: 4.717 ; train_true_loss: 4.137 ; train_group_ekd_loss: 0.234 ; train_group_dkd_loss: 0.116 ; train_contrastive_loss: 2.303 ; train_accTop1_target: 81.785 ; time: 26.720 ; train_acc_target: 81.785 ; train_acc_aux1: 82.262 ; train_acc_aux2: 83.091 ; train_acc_aux3: 83.032 ; train_acc_afm0: 81.795 ; train_acc_afm1: 81.813 ; train_acc_afm2: 81.851
2025-10-25 23:05:26,874:INFO: - Test metrics: test_loss: 5.573 ; test_true_loss: 5.152 ; test_group_ekd_loss: 0.121 ; test_group_dkd_loss: 0.070 ; test_contrastive_loss: 2.303 ; test_accTop1_target: 77.354 ; time: 3.173 ; test_acc_target: 77.354 ; test_acc_aux1: 78.441 ; test_acc_aux2: 77.977 ; test_acc_aux3: 78.886 ; test_accTop1_afm0: 77.383 ; test_accTop1_afm1: 77.413 ; test_accTop1_afm2: 77.492
2025-10-25 23:05:26,930:INFO: Epoch 12/300
2025-10-25 23:05:53,446:INFO: - Train metrics: train_loss: 4.644 ; train_true_loss: 4.043 ; train_group_ekd_loss: 0.249 ; train_group_dkd_loss: 0.121 ; train_contrastive_loss: 2.303 ; train_accTop1_target: 82.284 ; time: 26.515 ; train_acc_target: 82.284 ; train_acc_aux1: 82.695 ; train_acc_aux2: 83.440 ; train_acc_aux3: 83.643 ; train_acc_afm0: 82.284 ; train_acc_afm1: 82.312 ; train_acc_afm2: 82.352
2025-10-25 23:05:56,744:INFO: - Test metrics: test_loss: 5.596 ; test_true_loss: 5.166 ; test_group_ekd_loss: 0.133 ; test_group_dkd_loss: 0.067 ; test_contrastive_loss: 2.303 ; test_accTop1_target: 76.830 ; time: 3.296 ; test_acc_target: 76.830 ; test_acc_aux1: 77.067 ; test_acc_aux2: 79.777 ; test_acc_aux3: 78.432 ; test_accTop1_afm0: 76.859 ; test_accTop1_afm1: 76.909 ; test_accTop1_afm2: 76.998
2025-10-25 23:05:56,798:INFO: Epoch 13/300
2025-10-25 23:06:23,294:INFO: - Train metrics: train_loss: 4.598 ; train_true_loss: 3.981 ; train_group_ekd_loss: 0.263 ; train_group_dkd_loss: 0.124 ; train_contrastive_loss: 2.303 ; train_accTop1_target: 82.407 ; time: 26.495 ; train_acc_target: 82.407 ; train_acc_aux1: 82.966 ; train_acc_aux2: 83.849 ; train_acc_aux3: 84.003 ; train_acc_afm0: 82.409 ; train_acc_afm1: 82.449 ; train_acc_afm2: 82.483
2025-10-25 23:06:26,495:INFO: - Test metrics: test_loss: 5.773 ; test_true_loss: 5.340 ; test_group_ekd_loss: 0.134 ; test_group_dkd_loss: 0.069 ; test_contrastive_loss: 2.303 ; test_accTop1_target: 75.386 ; time: 3.198 ; test_acc_target: 75.386 ; test_acc_aux1: 75.949 ; test_acc_aux2: 79.242 ; test_acc_aux3: 80.142 ; test_accTop1_afm0: 75.396 ; test_accTop1_afm1: 75.425 ; test_accTop1_afm2: 75.445
2025-10-25 23:06:26,555:INFO: Epoch 14/300
2025-10-25 23:06:53,239:INFO: - Train metrics: train_loss: 4.547 ; train_true_loss: 3.914 ; train_group_ekd_loss: 0.274 ; train_group_dkd_loss: 0.128 ; train_contrastive_loss: 2.303 ; train_accTop1_target: 83.029 ; time: 26.683 ; train_acc_target: 83.029 ; train_acc_aux1: 83.424 ; train_acc_aux2: 84.169 ; train_acc_aux3: 84.356 ; train_acc_afm0: 83.039 ; train_acc_afm1: 83.091 ; train_acc_afm2: 83.137
2025-10-25 23:06:56,451:INFO: - Test metrics: test_loss: 8.973 ; test_true_loss: 8.519 ; test_group_ekd_loss: 0.137 ; test_group_dkd_loss: 0.087 ; test_contrastive_loss: 2.303 ; test_accTop1_target: 66.129 ; time: 3.209 ; test_acc_target: 66.129 ; test_acc_aux1: 71.212 ; test_acc_aux2: 71.440 ; test_acc_aux3: 70.876 ; test_accTop1_afm0: 66.159 ; test_accTop1_afm1: 66.248 ; test_accTop1_afm2: 66.317
2025-10-25 23:06:56,504:INFO: Epoch 15/300
2025-10-25 23:07:23,095:INFO: - Train metrics: train_loss: 4.495 ; train_true_loss: 3.848 ; train_group_ekd_loss: 0.286 ; train_group_dkd_loss: 0.131 ; train_contrastive_loss: 2.303 ; train_accTop1_target: 83.034 ; time: 26.590 ; train_acc_target: 83.034 ; train_acc_aux1: 83.485 ; train_acc_aux2: 84.308 ; train_acc_aux3: 84.457 ; train_acc_afm0: 83.037 ; train_acc_afm1: 83.059 ; train_acc_afm2: 83.105
2025-10-25 23:07:26,306:INFO: - Test metrics: test_loss: 5.442 ; test_true_loss: 4.983 ; test_group_ekd_loss: 0.152 ; test_group_dkd_loss: 0.076 ; test_contrastive_loss: 2.303 ; test_accTop1_target: 78.125 ; time: 3.209 ; test_acc_target: 78.125 ; test_acc_aux1: 79.391 ; test_acc_aux2: 80.578 ; test_acc_aux3: 79.144 ; test_accTop1_afm0: 78.145 ; test_accTop1_afm1: 78.214 ; test_accTop1_afm2: 78.293
2025-10-25 23:07:26,362:INFO: - Found better accuracy
2025-10-25 23:07:26,381:INFO: Epoch 16/300
2025-10-25 23:07:53,035:INFO: - Train metrics: train_loss: 4.483 ; train_true_loss: 3.816 ; train_group_ekd_loss: 0.302 ; train_group_dkd_loss: 0.135 ; train_contrastive_loss: 2.303 ; train_accTop1_target: 83.427 ; time: 26.652 ; train_acc_target: 83.427 ; train_acc_aux1: 83.859 ; train_acc_aux2: 84.508 ; train_acc_aux3: 84.645 ; train_acc_afm0: 83.455 ; train_acc_afm1: 83.469 ; train_acc_afm2: 83.509
2025-10-25 23:07:56,246:INFO: - Test metrics: test_loss: 5.417 ; test_true_loss: 4.937 ; test_group_ekd_loss: 0.168 ; test_group_dkd_loss: 0.082 ; test_contrastive_loss: 2.303 ; test_accTop1_target: 77.017 ; time: 3.209 ; test_acc_target: 77.017 ; test_acc_aux1: 81.319 ; test_acc_aux2: 78.135 ; test_acc_aux3: 80.400 ; test_accTop1_afm0: 77.027 ; test_accTop1_afm1: 77.156 ; test_accTop1_afm2: 77.195
2025-10-25 23:07:56,298:INFO: Epoch 17/300
2025-10-25 23:08:22,721:INFO: - Train metrics: train_loss: 4.465 ; train_true_loss: 3.779 ; train_group_ekd_loss: 0.315 ; train_group_dkd_loss: 0.140 ; train_contrastive_loss: 2.303 ; train_accTop1_target: 83.748 ; time: 26.422 ; train_acc_target: 83.748 ; train_acc_aux1: 84.091 ; train_acc_aux2: 84.876 ; train_acc_aux3: 85.164 ; train_acc_afm0: 83.754 ; train_acc_afm1: 83.772 ; train_acc_afm2: 83.792
2025-10-25 23:08:26,024:INFO: - Test metrics: test_loss: 6.007 ; test_true_loss: 5.521 ; test_group_ekd_loss: 0.160 ; test_group_dkd_loss: 0.096 ; test_contrastive_loss: 2.303 ; test_accTop1_target: 77.294 ; time: 3.301 ; test_acc_target: 77.294 ; test_acc_aux1: 77.443 ; test_acc_aux2: 76.236 ; test_acc_aux3: 79.401 ; test_accTop1_afm0: 77.314 ; test_accTop1_afm1: 77.383 ; test_accTop1_afm2: 77.433
2025-10-25 23:08:26,077:INFO: Epoch 18/300
2025-10-25 23:08:52,718:INFO: - Train metrics: train_loss: 4.475 ; train_true_loss: 3.770 ; train_group_ekd_loss: 0.331 ; train_group_dkd_loss: 0.144 ; train_contrastive_loss: 2.303 ; train_accTop1_target: 83.574 ; time: 26.640 ; train_acc_target: 83.574 ; train_acc_aux1: 84.124 ; train_acc_aux2: 84.877 ; train_acc_aux3: 85.153 ; train_acc_afm0: 83.580 ; train_acc_afm1: 83.606 ; train_acc_afm2: 83.638
2025-10-25 23:08:55,901:INFO: - Test metrics: test_loss: 5.430 ; test_true_loss: 4.948 ; test_group_ekd_loss: 0.169 ; test_group_dkd_loss: 0.083 ; test_contrastive_loss: 2.303 ; test_accTop1_target: 78.244 ; time: 3.181 ; test_acc_target: 78.244 ; test_acc_aux1: 78.560 ; test_acc_aux2: 79.519 ; test_acc_aux3: 78.263 ; test_accTop1_afm0: 78.254 ; test_accTop1_afm1: 78.273 ; test_accTop1_afm2: 78.273
2025-10-25 23:08:55,980:INFO: - Found better accuracy
2025-10-25 23:08:56,003:INFO: Epoch 19/300
2025-10-25 23:09:22,631:INFO: - Train metrics: train_loss: 4.389 ; train_true_loss: 3.679 ; train_group_ekd_loss: 0.336 ; train_group_dkd_loss: 0.144 ; train_contrastive_loss: 2.303 ; train_accTop1_target: 83.867 ; time: 26.627 ; train_acc_target: 83.867 ; train_acc_aux1: 84.624 ; train_acc_aux2: 85.157 ; train_acc_aux3: 85.565 ; train_acc_afm0: 83.885 ; train_acc_afm1: 83.895 ; train_acc_afm2: 83.943
2025-10-25 23:09:25,919:INFO: - Test metrics: test_loss: 6.077 ; test_true_loss: 5.573 ; test_group_ekd_loss: 0.177 ; test_group_dkd_loss: 0.096 ; test_contrastive_loss: 2.303 ; test_accTop1_target: 75.742 ; time: 3.285 ; test_acc_target: 75.742 ; test_acc_aux1: 74.347 ; test_acc_aux2: 77.987 ; test_acc_aux3: 78.639 ; test_accTop1_afm0: 75.771 ; test_accTop1_afm1: 75.801 ; test_accTop1_afm2: 75.900
2025-10-25 23:09:25,969:INFO: Epoch 20/300
2025-10-25 23:09:52,672:INFO: - Train metrics: train_loss: 4.397 ; train_true_loss: 3.662 ; train_group_ekd_loss: 0.355 ; train_group_dkd_loss: 0.151 ; train_contrastive_loss: 2.303 ; train_accTop1_target: 84.053 ; time: 26.702 ; train_acc_target: 84.053 ; train_acc_aux1: 84.428 ; train_acc_aux2: 85.289 ; train_acc_aux3: 85.520 ; train_acc_afm0: 84.059 ; train_acc_afm1: 84.086 ; train_acc_afm2: 84.124
2025-10-25 23:09:55,861:INFO: - Test metrics: test_loss: 7.125 ; test_true_loss: 6.639 ; test_group_ekd_loss: 0.170 ; test_group_dkd_loss: 0.087 ; test_contrastive_loss: 2.303 ; test_accTop1_target: 73.408 ; time: 3.187 ; test_acc_target: 73.408 ; test_acc_aux1: 71.173 ; test_acc_aux2: 72.913 ; test_acc_aux3: 75.544 ; test_accTop1_afm0: 73.408 ; test_accTop1_afm1: 73.418 ; test_accTop1_afm2: 73.447
2025-10-25 23:09:55,911:INFO: Epoch 21/300
2025-10-25 23:10:22,483:INFO: - Train metrics: train_loss: 4.422 ; train_true_loss: 3.667 ; train_group_ekd_loss: 0.371 ; train_group_dkd_loss: 0.154 ; train_contrastive_loss: 2.303 ; train_accTop1_target: 84.012 ; time: 26.570 ; train_acc_target: 84.012 ; train_acc_aux1: 84.589 ; train_acc_aux2: 85.254 ; train_acc_aux3: 85.566 ; train_acc_afm0: 84.032 ; train_acc_afm1: 84.048 ; train_acc_afm2: 84.066
2025-10-25 23:10:25,697:INFO: - Test metrics: test_loss: 5.429 ; test_true_loss: 4.913 ; test_group_ekd_loss: 0.184 ; test_group_dkd_loss: 0.102 ; test_contrastive_loss: 2.303 ; test_accTop1_target: 78.768 ; time: 3.213 ; test_acc_target: 78.768 ; test_acc_aux1: 77.957 ; test_acc_aux2: 79.480 ; test_acc_aux3: 80.578 ; test_accTop1_afm0: 78.817 ; test_accTop1_afm1: 78.857 ; test_accTop1_afm2: 78.936
2025-10-25 23:10:25,745:INFO: - Found better accuracy
2025-10-25 23:10:25,763:INFO: Epoch 22/300
2025-10-25 23:10:52,460:INFO: - Train metrics: train_loss: 4.413 ; train_true_loss: 3.640 ; train_group_ekd_loss: 0.385 ; train_group_dkd_loss: 0.158 ; train_contrastive_loss: 2.303 ; train_accTop1_target: 84.226 ; time: 26.695 ; train_acc_target: 84.226 ; train_acc_aux1: 84.809 ; train_acc_aux2: 85.462 ; train_acc_aux3: 85.664 ; train_acc_afm0: 84.254 ; train_acc_afm1: 84.283 ; train_acc_afm2: 84.317
2025-10-25 23:10:55,646:INFO: - Test metrics: test_loss: 8.045 ; test_true_loss: 7.500 ; test_group_ekd_loss: 0.200 ; test_group_dkd_loss: 0.115 ; test_contrastive_loss: 2.303 ; test_accTop1_target: 70.194 ; time: 3.184 ; test_acc_target: 70.194 ; test_acc_aux1: 73.161 ; test_acc_aux2: 72.162 ; test_acc_aux3: 71.964 ; test_accTop1_afm0: 70.214 ; test_accTop1_afm1: 70.273 ; test_accTop1_afm2: 70.283
2025-10-25 23:10:55,713:INFO: Epoch 23/300
2025-10-25 23:11:22,484:INFO: - Train metrics: train_loss: 4.387 ; train_true_loss: 3.581 ; train_group_ekd_loss: 0.411 ; train_group_dkd_loss: 0.165 ; train_contrastive_loss: 2.303 ; train_accTop1_target: 84.590 ; time: 26.769 ; train_acc_target: 84.590 ; train_acc_aux1: 85.221 ; train_acc_aux2: 85.925 ; train_acc_aux3: 86.092 ; train_acc_afm0: 84.608 ; train_acc_afm1: 84.650 ; train_acc_afm2: 84.672
2025-10-25 23:11:25,679:INFO: - Test metrics: test_loss: 6.471 ; test_true_loss: 5.930 ; test_group_ekd_loss: 0.202 ; test_group_dkd_loss: 0.109 ; test_contrastive_loss: 2.303 ; test_accTop1_target: 75.030 ; time: 3.193 ; test_acc_target: 75.030 ; test_acc_aux1: 79.094 ; test_acc_aux2: 79.084 ; test_acc_aux3: 79.925 ; test_accTop1_afm0: 75.079 ; test_accTop1_afm1: 75.168 ; test_accTop1_afm2: 75.316
2025-10-25 23:11:25,741:INFO: Epoch 24/300
2025-10-25 23:11:52,685:INFO: - Train metrics: train_loss: 4.374 ; train_true_loss: 3.551 ; train_group_ekd_loss: 0.422 ; train_group_dkd_loss: 0.170 ; train_contrastive_loss: 2.303 ; train_accTop1_target: 84.519 ; time: 26.943 ; train_acc_target: 84.519 ; train_acc_aux1: 85.231 ; train_acc_aux2: 85.922 ; train_acc_aux3: 86.246 ; train_acc_afm0: 84.529 ; train_acc_afm1: 84.547 ; train_acc_afm2: 84.591
2025-10-25 23:11:55,929:INFO: - Test metrics: test_loss: 5.939 ; test_true_loss: 5.354 ; test_group_ekd_loss: 0.217 ; test_group_dkd_loss: 0.138 ; test_contrastive_loss: 2.303 ; test_accTop1_target: 75.920 ; time: 3.242 ; test_acc_target: 75.920 ; test_acc_aux1: 81.181 ; test_acc_aux2: 82.684 ; test_acc_aux3: 82.318 ; test_accTop1_afm0: 75.969 ; test_accTop1_afm1: 76.058 ; test_accTop1_afm2: 76.177
2025-10-25 23:11:55,979:INFO: Epoch 25/300
2025-10-25 23:12:22,785:INFO: - Train metrics: train_loss: 4.401 ; train_true_loss: 3.556 ; train_group_ekd_loss: 0.442 ; train_group_dkd_loss: 0.173 ; train_contrastive_loss: 2.303 ; train_accTop1_target: 84.529 ; time: 26.804 ; train_acc_target: 84.529 ; train_acc_aux1: 85.097 ; train_acc_aux2: 85.939 ; train_acc_aux3: 86.071 ; train_acc_afm0: 84.531 ; train_acc_afm1: 84.551 ; train_acc_afm2: 84.599
2025-10-25 23:12:25,988:INFO: - Test metrics: test_loss: 6.063 ; test_true_loss: 5.492 ; test_group_ekd_loss: 0.228 ; test_group_dkd_loss: 0.113 ; test_contrastive_loss: 2.303 ; test_accTop1_target: 76.711 ; time: 3.201 ; test_acc_target: 76.711 ; test_acc_aux1: 76.078 ; test_acc_aux2: 81.922 ; test_acc_aux3: 80.320 ; test_accTop1_afm0: 76.721 ; test_accTop1_afm1: 76.770 ; test_accTop1_afm2: 76.869
2025-10-25 23:12:26,041:INFO: Epoch 26/300
2025-10-25 23:12:52,502:INFO: - Train metrics: train_loss: 4.351 ; train_true_loss: 3.485 ; train_group_ekd_loss: 0.458 ; train_group_dkd_loss: 0.177 ; train_contrastive_loss: 2.303 ; train_accTop1_target: 84.922 ; time: 26.460 ; train_acc_target: 84.922 ; train_acc_aux1: 85.754 ; train_acc_aux2: 86.308 ; train_acc_aux3: 86.249 ; train_acc_afm0: 84.948 ; train_acc_afm1: 84.966 ; train_acc_afm2: 84.992
2025-10-25 23:12:55,938:INFO: - Test metrics: test_loss: 5.491 ; test_true_loss: 4.907 ; test_group_ekd_loss: 0.232 ; test_group_dkd_loss: 0.121 ; test_contrastive_loss: 2.303 ; test_accTop1_target: 80.508 ; time: 3.434 ; test_acc_target: 80.508 ; test_acc_aux1: 81.557 ; test_acc_aux2: 81.240 ; test_acc_aux3: 84.068 ; test_accTop1_afm0: 80.538 ; test_accTop1_afm1: 80.518 ; test_accTop1_afm2: 80.578
2025-10-25 23:12:56,000:INFO: - Found better accuracy
2025-10-25 23:12:56,022:INFO: Epoch 27/300
2025-10-25 23:13:22,674:INFO: - Train metrics: train_loss: 4.436 ; train_true_loss: 3.535 ; train_group_ekd_loss: 0.487 ; train_group_dkd_loss: 0.184 ; train_contrastive_loss: 2.303 ; train_accTop1_target: 84.954 ; time: 26.650 ; train_acc_target: 84.954 ; train_acc_aux1: 85.557 ; train_acc_aux2: 86.151 ; train_acc_aux3: 86.355 ; train_acc_afm0: 84.960 ; train_acc_afm1: 84.990 ; train_acc_afm2: 85.040
2025-10-25 23:13:25,860:INFO: - Test metrics: test_loss: 6.270 ; test_true_loss: 5.662 ; test_group_ekd_loss: 0.255 ; test_group_dkd_loss: 0.122 ; test_contrastive_loss: 2.303 ; test_accTop1_target: 76.404 ; time: 3.183 ; test_acc_target: 76.404 ; test_acc_aux1: 74.347 ; test_acc_aux2: 78.748 ; test_acc_aux3: 74.614 ; test_accTop1_afm0: 76.404 ; test_accTop1_afm1: 76.473 ; test_accTop1_afm2: 76.562
2025-10-25 23:13:25,916:INFO: Epoch 28/300
2025-10-25 23:13:52,941:INFO: - Train metrics: train_loss: 4.384 ; train_true_loss: 3.487 ; train_group_ekd_loss: 0.484 ; train_group_dkd_loss: 0.183 ; train_contrastive_loss: 2.303 ; train_accTop1_target: 84.793 ; time: 27.024 ; train_acc_target: 84.793 ; train_acc_aux1: 85.432 ; train_acc_aux2: 86.288 ; train_acc_aux3: 86.313 ; train_acc_afm0: 84.813 ; train_acc_afm1: 84.851 ; train_acc_afm2: 84.867
2025-10-25 23:13:56,202:INFO: - Test metrics: test_loss: 6.311 ; test_true_loss: 5.712 ; test_group_ekd_loss: 0.246 ; test_group_dkd_loss: 0.122 ; test_contrastive_loss: 2.303 ; test_accTop1_target: 77.759 ; time: 3.257 ; test_acc_target: 77.759 ; test_acc_aux1: 76.998 ; test_acc_aux2: 80.034 ; test_acc_aux3: 73.170 ; test_accTop1_afm0: 77.799 ; test_accTop1_afm1: 77.868 ; test_accTop1_afm2: 77.878
2025-10-25 23:13:56,257:INFO: Epoch 29/300
2025-10-25 23:14:23,149:INFO: - Train metrics: train_loss: 4.416 ; train_true_loss: 3.487 ; train_group_ekd_loss: 0.509 ; train_group_dkd_loss: 0.190 ; train_contrastive_loss: 2.303 ; train_accTop1_target: 84.976 ; time: 26.890 ; train_acc_target: 84.976 ; train_acc_aux1: 85.545 ; train_acc_aux2: 86.467 ; train_acc_aux3: 86.635 ; train_acc_afm0: 84.986 ; train_acc_afm1: 85.020 ; train_acc_afm2: 85.066
2025-10-25 23:14:26,359:INFO: - Test metrics: test_loss: 5.850 ; test_true_loss: 5.242 ; test_group_ekd_loss: 0.260 ; test_group_dkd_loss: 0.119 ; test_contrastive_loss: 2.303 ; test_accTop1_target: 77.393 ; time: 3.208 ; test_acc_target: 77.393 ; test_acc_aux1: 80.212 ; test_acc_aux2: 77.106 ; test_acc_aux3: 78.105 ; test_accTop1_afm0: 77.423 ; test_accTop1_afm1: 77.413 ; test_accTop1_afm2: 77.472
2025-10-25 23:14:26,410:INFO: Epoch 30/300
2025-10-25 23:14:52,966:INFO: - Train metrics: train_loss: 4.376 ; train_true_loss: 3.438 ; train_group_ekd_loss: 0.517 ; train_group_dkd_loss: 0.190 ; train_contrastive_loss: 2.303 ; train_accTop1_target: 85.063 ; time: 26.555 ; train_acc_target: 85.063 ; train_acc_aux1: 85.761 ; train_acc_aux2: 86.290 ; train_acc_aux3: 86.507 ; train_acc_afm0: 85.071 ; train_acc_afm1: 85.085 ; train_acc_afm2: 85.121
2025-10-25 23:14:56,186:INFO: - Test metrics: test_loss: 6.259 ; test_true_loss: 5.632 ; test_group_ekd_loss: 0.264 ; test_group_dkd_loss: 0.133 ; test_contrastive_loss: 2.303 ; test_accTop1_target: 74.960 ; time: 3.218 ; test_acc_target: 74.960 ; test_acc_aux1: 78.352 ; test_acc_aux2: 76.810 ; test_acc_aux3: 77.868 ; test_accTop1_afm0: 75.000 ; test_accTop1_afm1: 75.000 ; test_accTop1_afm2: 75.099
2025-10-25 23:14:56,251:INFO: Epoch 31/300
2025-10-25 23:15:23,079:INFO: - Train metrics: train_loss: 4.386 ; train_true_loss: 3.413 ; train_group_ekd_loss: 0.544 ; train_group_dkd_loss: 0.199 ; train_contrastive_loss: 2.303 ; train_accTop1_target: 85.168 ; time: 26.826 ; train_acc_target: 85.168 ; train_acc_aux1: 85.826 ; train_acc_aux2: 86.459 ; train_acc_aux3: 86.542 ; train_acc_afm0: 85.190 ; train_acc_afm1: 85.210 ; train_acc_afm2: 85.254
2025-10-25 23:15:26,374:INFO: - Test metrics: test_loss: 5.572 ; test_true_loss: 4.936 ; test_group_ekd_loss: 0.289 ; test_group_dkd_loss: 0.116 ; test_contrastive_loss: 2.303 ; test_accTop1_target: 79.064 ; time: 3.292 ; test_acc_target: 79.064 ; test_acc_aux1: 78.837 ; test_acc_aux2: 78.827 ; test_acc_aux3: 81.171 ; test_accTop1_afm0: 79.055 ; test_accTop1_afm1: 79.055 ; test_accTop1_afm2: 79.104
2025-10-25 23:15:26,424:INFO: Epoch 32/300
2025-10-25 23:15:52,941:INFO: - Train metrics: train_loss: 4.412 ; train_true_loss: 3.409 ; train_group_ekd_loss: 0.569 ; train_group_dkd_loss: 0.204 ; train_contrastive_loss: 2.303 ; train_accTop1_target: 85.316 ; time: 26.516 ; train_acc_target: 85.316 ; train_acc_aux1: 85.713 ; train_acc_aux2: 86.549 ; train_acc_aux3: 86.731 ; train_acc_afm0: 85.324 ; train_acc_afm1: 85.346 ; train_acc_afm2: 85.394
2025-10-25 23:15:56,124:INFO: - Test metrics: test_loss: 4.715 ; test_true_loss: 4.045 ; test_group_ekd_loss: 0.318 ; test_group_dkd_loss: 0.123 ; test_contrastive_loss: 2.303 ; test_accTop1_target: 82.338 ; time: 3.180 ; test_acc_target: 82.338 ; test_acc_aux1: 83.297 ; test_acc_aux2: 85.047 ; test_acc_aux3: 83.999 ; test_accTop1_afm0: 82.387 ; test_accTop1_afm1: 82.407 ; test_accTop1_afm2: 82.496
2025-10-25 23:15:56,176:INFO: - Found better accuracy
2025-10-25 23:15:56,198:INFO: Epoch 33/300
2025-10-25 23:16:22,625:INFO: - Train metrics: train_loss: 4.430 ; train_true_loss: 3.397 ; train_group_ekd_loss: 0.590 ; train_group_dkd_loss: 0.212 ; train_contrastive_loss: 2.303 ; train_accTop1_target: 85.539 ; time: 26.426 ; train_acc_target: 85.539 ; train_acc_aux1: 85.935 ; train_acc_aux2: 86.725 ; train_acc_aux3: 86.811 ; train_acc_afm0: 85.551 ; train_acc_afm1: 85.605 ; train_acc_afm2: 85.637
2025-10-25 23:16:25,913:INFO: - Test metrics: test_loss: 5.073 ; test_true_loss: 4.416 ; test_group_ekd_loss: 0.309 ; test_group_dkd_loss: 0.119 ; test_contrastive_loss: 2.303 ; test_accTop1_target: 81.655 ; time: 3.286 ; test_acc_target: 81.655 ; test_acc_aux1: 80.133 ; test_acc_aux2: 83.436 ; test_acc_aux3: 83.188 ; test_accTop1_afm0: 81.695 ; test_accTop1_afm1: 81.744 ; test_accTop1_afm2: 81.814
2025-10-25 23:16:26,007:INFO: Epoch 34/300
2025-10-25 23:16:52,903:INFO: - Train metrics: train_loss: 4.463 ; train_true_loss: 3.407 ; train_group_ekd_loss: 0.611 ; train_group_dkd_loss: 0.216 ; train_contrastive_loss: 2.303 ; train_accTop1_target: 85.379 ; time: 26.894 ; train_acc_target: 85.379 ; train_acc_aux1: 85.870 ; train_acc_aux2: 86.634 ; train_acc_aux3: 86.801 ; train_acc_afm0: 85.389 ; train_acc_afm1: 85.429 ; train_acc_afm2: 85.457
2025-10-25 23:16:56,149:INFO: - Test metrics: test_loss: 5.229 ; test_true_loss: 4.572 ; test_group_ekd_loss: 0.304 ; test_group_dkd_loss: 0.122 ; test_contrastive_loss: 2.303 ; test_accTop1_target: 80.380 ; time: 3.244 ; test_acc_target: 80.380 ; test_acc_aux1: 80.676 ; test_acc_aux2: 82.041 ; test_acc_aux3: 83.327 ; test_accTop1_afm0: 80.380 ; test_accTop1_afm1: 80.439 ; test_accTop1_afm2: 80.469
2025-10-25 23:16:56,206:INFO: Epoch 35/300
2025-10-25 23:17:22,765:INFO: - Train metrics: train_loss: 4.426 ; train_true_loss: 3.366 ; train_group_ekd_loss: 0.616 ; train_group_dkd_loss: 0.214 ; train_contrastive_loss: 2.303 ; train_accTop1_target: 85.583 ; time: 26.558 ; train_acc_target: 85.583 ; train_acc_aux1: 86.039 ; train_acc_aux2: 86.825 ; train_acc_aux3: 86.821 ; train_acc_afm0: 85.605 ; train_acc_afm1: 85.615 ; train_acc_afm2: 85.657
2025-10-25 23:17:25,947:INFO: - Test metrics: test_loss: 5.871 ; test_true_loss: 5.167 ; test_group_ekd_loss: 0.335 ; test_group_dkd_loss: 0.139 ; test_contrastive_loss: 2.303 ; test_accTop1_target: 78.540 ; time: 3.180 ; test_acc_target: 78.540 ; test_acc_aux1: 78.273 ; test_acc_aux2: 80.696 ; test_acc_aux3: 78.669 ; test_accTop1_afm0: 78.530 ; test_accTop1_afm1: 78.560 ; test_accTop1_afm2: 78.610
2025-10-25 23:17:25,999:INFO: Epoch 36/300
2025-10-25 23:17:52,835:INFO: - Train metrics: train_loss: 4.466 ; train_true_loss: 3.371 ; train_group_ekd_loss: 0.640 ; train_group_dkd_loss: 0.224 ; train_contrastive_loss: 2.303 ; train_accTop1_target: 85.422 ; time: 26.834 ; train_acc_target: 85.422 ; train_acc_aux1: 86.016 ; train_acc_aux2: 86.614 ; train_acc_aux3: 86.916 ; train_acc_afm0: 85.438 ; train_acc_afm1: 85.468 ; train_acc_afm2: 85.496
2025-10-25 23:17:56,089:INFO: - Test metrics: test_loss: 8.106 ; test_true_loss: 7.428 ; test_group_ekd_loss: 0.315 ; test_group_dkd_loss: 0.133 ; test_contrastive_loss: 2.303 ; test_accTop1_target: 73.348 ; time: 3.251 ; test_acc_target: 73.348 ; test_acc_aux1: 71.855 ; test_acc_aux2: 69.689 ; test_acc_aux3: 74.852 ; test_accTop1_afm0: 73.368 ; test_accTop1_afm1: 73.378 ; test_accTop1_afm2: 73.457
2025-10-25 23:17:56,165:INFO: Epoch 37/300
2025-10-25 23:18:23,355:INFO: - Train metrics: train_loss: 4.502 ; train_true_loss: 3.373 ; train_group_ekd_loss: 0.669 ; train_group_dkd_loss: 0.230 ; train_contrastive_loss: 2.303 ; train_accTop1_target: 85.482 ; time: 27.189 ; train_acc_target: 85.482 ; train_acc_aux1: 86.308 ; train_acc_aux2: 86.720 ; train_acc_aux3: 86.980 ; train_acc_afm0: 85.498 ; train_acc_afm1: 85.520 ; train_acc_afm2: 85.558
2025-10-25 23:18:26,610:INFO: - Test metrics: test_loss: 5.295 ; test_true_loss: 4.556 ; test_group_ekd_loss: 0.344 ; test_group_dkd_loss: 0.165 ; test_contrastive_loss: 2.303 ; test_accTop1_target: 80.785 ; time: 3.254 ; test_acc_target: 80.785 ; test_acc_aux1: 83.010 ; test_acc_aux2: 80.538 ; test_acc_aux3: 80.973 ; test_accTop1_afm0: 80.825 ; test_accTop1_afm1: 80.835 ; test_accTop1_afm2: 80.854
2025-10-25 23:18:26,663:INFO: Epoch 38/300
2025-10-25 23:18:53,221:INFO: - Train metrics: train_loss: 4.482 ; train_true_loss: 3.341 ; train_group_ekd_loss: 0.678 ; train_group_dkd_loss: 0.232 ; train_contrastive_loss: 2.303 ; train_accTop1_target: 85.522 ; time: 26.557 ; train_acc_target: 85.522 ; train_acc_aux1: 86.323 ; train_acc_aux2: 86.935 ; train_acc_aux3: 87.080 ; train_acc_afm0: 85.538 ; train_acc_afm1: 85.566 ; train_acc_afm2: 85.602
2025-10-25 23:18:56,394:INFO: - Test metrics: test_loss: 5.489 ; test_true_loss: 4.769 ; test_group_ekd_loss: 0.351 ; test_group_dkd_loss: 0.139 ; test_contrastive_loss: 2.303 ; test_accTop1_target: 80.498 ; time: 3.172 ; test_acc_target: 80.498 ; test_acc_aux1: 79.183 ; test_acc_aux2: 81.557 ; test_acc_aux3: 80.657 ; test_accTop1_afm0: 80.508 ; test_accTop1_afm1: 80.528 ; test_accTop1_afm2: 80.568
2025-10-25 23:18:56,447:INFO: Epoch 39/300
2025-10-25 23:19:22,854:INFO: - Train metrics: train_loss: 4.536 ; train_true_loss: 3.344 ; train_group_ekd_loss: 0.721 ; train_group_dkd_loss: 0.241 ; train_contrastive_loss: 2.303 ; train_accTop1_target: 85.815 ; time: 26.406 ; train_acc_target: 85.815 ; train_acc_aux1: 86.333 ; train_acc_aux2: 87.068 ; train_acc_aux3: 87.285 ; train_acc_afm0: 85.823 ; train_acc_afm1: 85.841 ; train_acc_afm2: 85.925
2025-10-25 23:19:26,320:INFO: - Test metrics: test_loss: 5.240 ; test_true_loss: 4.500 ; test_group_ekd_loss: 0.377 ; test_group_dkd_loss: 0.133 ; test_contrastive_loss: 2.303 ; test_accTop1_target: 81.062 ; time: 3.464 ; test_acc_target: 81.062 ; test_acc_aux1: 81.883 ; test_acc_aux2: 82.812 ; test_acc_aux3: 83.297 ; test_accTop1_afm0: 81.072 ; test_accTop1_afm1: 81.161 ; test_accTop1_afm2: 81.181
2025-10-25 23:19:26,409:INFO: Epoch 40/300
2025-10-25 23:19:53,106:INFO: - Train metrics: train_loss: 4.598 ; train_true_loss: 3.383 ; train_group_ekd_loss: 0.738 ; train_group_dkd_loss: 0.246 ; train_contrastive_loss: 2.303 ; train_accTop1_target: 85.560 ; time: 26.696 ; train_acc_target: 85.560 ; train_acc_aux1: 86.133 ; train_acc_aux2: 86.771 ; train_acc_aux3: 86.915 ; train_acc_afm0: 85.570 ; train_acc_afm1: 85.602 ; train_acc_afm2: 85.620
2025-10-25 23:19:56,377:INFO: - Test metrics: test_loss: 4.861 ; test_true_loss: 4.094 ; test_group_ekd_loss: 0.388 ; test_group_dkd_loss: 0.149 ; test_contrastive_loss: 2.303 ; test_accTop1_target: 82.516 ; time: 3.268 ; test_acc_target: 82.516 ; test_acc_aux1: 82.951 ; test_acc_aux2: 84.978 ; test_acc_aux3: 84.405 ; test_accTop1_afm0: 82.516 ; test_accTop1_afm1: 82.555 ; test_accTop1_afm2: 82.615
2025-10-25 23:19:56,470:INFO: - Found better accuracy
2025-10-25 23:19:56,502:INFO: Epoch 41/300
2025-10-25 23:20:23,305:INFO: - Train metrics: train_loss: 4.554 ; train_true_loss: 3.320 ; train_group_ekd_loss: 0.755 ; train_group_dkd_loss: 0.249 ; train_contrastive_loss: 2.303 ; train_accTop1_target: 85.611 ; time: 26.802 ; train_acc_target: 85.611 ; train_acc_aux1: 86.505 ; train_acc_aux2: 87.243 ; train_acc_aux3: 87.392 ; train_acc_afm0: 85.627 ; train_acc_afm1: 85.637 ; train_acc_afm2: 85.685
2025-10-25 23:20:26,499:INFO: - Test metrics: test_loss: 4.938 ; test_true_loss: 4.174 ; test_group_ekd_loss: 0.382 ; test_group_dkd_loss: 0.151 ; test_contrastive_loss: 2.303 ; test_accTop1_target: 83.020 ; time: 3.192 ; test_acc_target: 83.020 ; test_acc_aux1: 82.100 ; test_acc_aux2: 81.586 ; test_acc_aux3: 83.643 ; test_accTop1_afm0: 83.030 ; test_accTop1_afm1: 83.060 ; test_accTop1_afm2: 83.099
2025-10-25 23:20:26,552:INFO: - Found better accuracy
2025-10-25 23:20:26,572:INFO: Epoch 42/300
2025-10-25 23:20:53,026:INFO: - Train metrics: train_loss: 4.633 ; train_true_loss: 3.353 ; train_group_ekd_loss: 0.791 ; train_group_dkd_loss: 0.259 ; train_contrastive_loss: 2.303 ; train_accTop1_target: 85.664 ; time: 26.453 ; train_acc_target: 85.664 ; train_acc_aux1: 86.450 ; train_acc_aux2: 87.044 ; train_acc_aux3: 87.160 ; train_acc_afm0: 85.692 ; train_acc_afm1: 85.716 ; train_acc_afm2: 85.760
2025-10-25 23:20:56,230:INFO: - Test metrics: test_loss: 5.022 ; test_true_loss: 4.243 ; test_group_ekd_loss: 0.393 ; test_group_dkd_loss: 0.156 ; test_contrastive_loss: 2.303 ; test_accTop1_target: 81.655 ; time: 3.202 ; test_acc_target: 81.655 ; test_acc_aux1: 82.180 ; test_acc_aux2: 83.900 ; test_acc_aux3: 83.169 ; test_accTop1_afm0: 81.675 ; test_accTop1_afm1: 81.715 ; test_accTop1_afm2: 81.784
2025-10-25 23:20:56,291:INFO: Epoch 43/300
2025-10-25 23:21:23,096:INFO: - Train metrics: train_loss: 4.642 ; train_true_loss: 3.318 ; train_group_ekd_loss: 0.825 ; train_group_dkd_loss: 0.268 ; train_contrastive_loss: 2.303 ; train_accTop1_target: 85.989 ; time: 26.805 ; train_acc_target: 85.989 ; train_acc_aux1: 86.789 ; train_acc_aux2: 87.508 ; train_acc_aux3: 87.427 ; train_acc_afm0: 85.997 ; train_acc_afm1: 86.039 ; train_acc_afm2: 86.075
2025-10-25 23:21:26,363:INFO: - Test metrics: test_loss: 4.961 ; test_true_loss: 4.124 ; test_group_ekd_loss: 0.435 ; test_group_dkd_loss: 0.172 ; test_contrastive_loss: 2.303 ; test_accTop1_target: 82.466 ; time: 3.265 ; test_acc_target: 82.466 ; test_acc_aux1: 83.139 ; test_acc_aux2: 84.296 ; test_acc_aux3: 84.850 ; test_accTop1_afm0: 82.466 ; test_accTop1_afm1: 82.536 ; test_accTop1_afm2: 82.615
2025-10-25 23:21:26,413:INFO: Epoch 44/300
2025-10-25 23:21:53,179:INFO: - Train metrics: train_loss: 4.708 ; train_true_loss: 3.362 ; train_group_ekd_loss: 0.844 ; train_group_dkd_loss: 0.272 ; train_contrastive_loss: 2.303 ; train_accTop1_target: 85.807 ; time: 26.765 ; train_acc_target: 85.807 ; train_acc_aux1: 86.437 ; train_acc_aux2: 86.895 ; train_acc_aux3: 87.172 ; train_acc_afm0: 85.813 ; train_acc_afm1: 85.865 ; train_acc_afm2: 85.893
2025-10-25 23:21:56,391:INFO: - Test metrics: test_loss: 5.628 ; test_true_loss: 4.812 ; test_group_ekd_loss: 0.403 ; test_group_dkd_loss: 0.183 ; test_contrastive_loss: 2.303 ; test_accTop1_target: 79.341 ; time: 3.210 ; test_acc_target: 79.341 ; test_acc_aux1: 81.408 ; test_acc_aux2: 83.129 ; test_acc_aux3: 82.110 ; test_accTop1_afm0: 79.371 ; test_accTop1_afm1: 79.470 ; test_accTop1_afm2: 79.500
2025-10-25 23:21:56,446:INFO: Epoch 45/300
2025-10-25 23:22:22,979:INFO: - Train metrics: train_loss: 4.720 ; train_true_loss: 3.342 ; train_group_ekd_loss: 0.872 ; train_group_dkd_loss: 0.276 ; train_contrastive_loss: 2.303 ; train_accTop1_target: 85.834 ; time: 26.532 ; train_acc_target: 85.834 ; train_acc_aux1: 86.784 ; train_acc_aux2: 87.026 ; train_acc_aux3: 87.410 ; train_acc_afm0: 85.848 ; train_acc_afm1: 85.890 ; train_acc_afm2: 85.934
2025-10-25 23:22:26,172:INFO: - Test metrics: test_loss: 6.133 ; test_true_loss: 5.261 ; test_group_ekd_loss: 0.446 ; test_group_dkd_loss: 0.196 ; test_contrastive_loss: 2.303 ; test_accTop1_target: 78.511 ; time: 3.190 ; test_acc_target: 78.511 ; test_acc_aux1: 78.254 ; test_acc_aux2: 79.114 ; test_acc_aux3: 78.837 ; test_accTop1_afm0: 78.511 ; test_accTop1_afm1: 78.501 ; test_accTop1_afm2: 78.530
2025-10-25 23:22:26,222:INFO: Epoch 46/300
2025-10-25 23:22:52,766:INFO: - Train metrics: train_loss: 4.689 ; train_true_loss: 3.309 ; train_group_ekd_loss: 0.872 ; train_group_dkd_loss: 0.278 ; train_contrastive_loss: 2.303 ; train_accTop1_target: 85.852 ; time: 26.543 ; train_acc_target: 85.852 ; train_acc_aux1: 86.445 ; train_acc_aux2: 87.172 ; train_acc_aux3: 87.191 ; train_acc_afm0: 85.866 ; train_acc_afm1: 85.888 ; train_acc_afm2: 85.914
2025-10-25 23:22:55,946:INFO: - Test metrics: test_loss: 9.101 ; test_true_loss: 8.179 ; test_group_ekd_loss: 0.451 ; test_group_dkd_loss: 0.240 ; test_contrastive_loss: 2.303 ; test_accTop1_target: 68.107 ; time: 3.178 ; test_acc_target: 68.107 ; test_acc_aux1: 71.657 ; test_acc_aux2: 73.269 ; test_acc_aux3: 73.487 ; test_accTop1_afm0: 68.107 ; test_accTop1_afm1: 68.186 ; test_accTop1_afm2: 68.265
2025-10-25 23:22:55,996:INFO: Epoch 47/300
2025-10-25 23:23:23,440:INFO: - Train metrics: train_loss: 4.780 ; train_true_loss: 3.348 ; train_group_ekd_loss: 0.914 ; train_group_dkd_loss: 0.288 ; train_contrastive_loss: 2.303 ; train_accTop1_target: 85.924 ; time: 27.443 ; train_acc_target: 85.924 ; train_acc_aux1: 86.559 ; train_acc_aux2: 87.156 ; train_acc_aux3: 87.358 ; train_acc_afm0: 85.930 ; train_acc_afm1: 85.941 ; train_acc_afm2: 85.971
2025-10-25 23:23:26,649:INFO: - Test metrics: test_loss: 5.606 ; test_true_loss: 4.654 ; test_group_ekd_loss: 0.498 ; test_group_dkd_loss: 0.224 ; test_contrastive_loss: 2.303 ; test_accTop1_target: 78.689 ; time: 3.207 ; test_acc_target: 78.689 ; test_acc_aux1: 80.706 ; test_acc_aux2: 82.120 ; test_acc_aux3: 82.041 ; test_accTop1_afm0: 78.718 ; test_accTop1_afm1: 78.837 ; test_accTop1_afm2: 78.896
2025-10-25 23:23:26,708:INFO: Epoch 48/300
2025-10-25 23:23:54,047:INFO: - Train metrics: train_loss: 4.725 ; train_true_loss: 3.300 ; train_group_ekd_loss: 0.908 ; train_group_dkd_loss: 0.288 ; train_contrastive_loss: 2.303 ; train_accTop1_target: 85.850 ; time: 27.338 ; train_acc_target: 85.850 ; train_acc_aux1: 86.495 ; train_acc_aux2: 87.359 ; train_acc_aux3: 87.375 ; train_acc_afm0: 85.862 ; train_acc_afm1: 85.870 ; train_acc_afm2: 85.924
2025-10-25 23:23:57,307:INFO: - Test metrics: test_loss: 5.235 ; test_true_loss: 4.368 ; test_group_ekd_loss: 0.440 ; test_group_dkd_loss: 0.197 ; test_contrastive_loss: 2.303 ; test_accTop1_target: 80.706 ; time: 3.258 ; test_acc_target: 80.706 ; test_acc_aux1: 81.527 ; test_acc_aux2: 83.455 ; test_acc_aux3: 82.911 ; test_accTop1_afm0: 80.726 ; test_accTop1_afm1: 80.775 ; test_accTop1_afm2: 80.785
2025-10-25 23:23:57,355:INFO: Epoch 49/300
2025-10-25 23:24:24,291:INFO: - Train metrics: train_loss: 4.818 ; train_true_loss: 3.312 ; train_group_ekd_loss: 0.974 ; train_group_dkd_loss: 0.302 ; train_contrastive_loss: 2.303 ; train_accTop1_target: 85.898 ; time: 26.934 ; train_acc_target: 85.898 ; train_acc_aux1: 86.761 ; train_acc_aux2: 87.364 ; train_acc_aux3: 87.337 ; train_acc_afm0: 85.912 ; train_acc_afm1: 85.930 ; train_acc_afm2: 85.965
2025-10-25 23:24:27,471:INFO: - Test metrics: test_loss: 6.084 ; test_true_loss: 5.158 ; test_group_ekd_loss: 0.497 ; test_group_dkd_loss: 0.198 ; test_contrastive_loss: 2.303 ; test_accTop1_target: 77.848 ; time: 3.178 ; test_acc_target: 77.848 ; test_acc_aux1: 79.915 ; test_acc_aux2: 81.131 ; test_acc_aux3: 81.606 ; test_accTop1_afm0: 77.858 ; test_accTop1_afm1: 77.858 ; test_accTop1_afm2: 77.947
2025-10-25 23:24:27,521:INFO: Epoch 50/300
2025-10-25 23:24:54,265:INFO: - Train metrics: train_loss: 4.902 ; train_true_loss: 3.344 ; train_group_ekd_loss: 1.014 ; train_group_dkd_loss: 0.314 ; train_contrastive_loss: 2.303 ; train_accTop1_target: 85.849 ; time: 26.742 ; train_acc_target: 85.849 ; train_acc_aux1: 86.726 ; train_acc_aux2: 87.323 ; train_acc_aux3: 87.478 ; train_acc_afm0: 85.861 ; train_acc_afm1: 85.905 ; train_acc_afm2: 85.941
2025-10-25 23:24:57,463:INFO: - Test metrics: test_loss: 5.572 ; test_true_loss: 4.499 ; test_group_ekd_loss: 0.559 ; test_group_dkd_loss: 0.284 ; test_contrastive_loss: 2.303 ; test_accTop1_target: 80.439 ; time: 3.197 ; test_acc_target: 80.439 ; test_acc_aux1: 82.170 ; test_acc_aux2: 84.078 ; test_acc_aux3: 81.438 ; test_accTop1_afm0: 80.439 ; test_accTop1_afm1: 80.558 ; test_accTop1_afm2: 80.578
2025-10-25 23:24:57,518:INFO: Epoch 51/300
2025-10-25 23:25:24,229:INFO: - Train metrics: train_loss: 4.848 ; train_true_loss: 3.328 ; train_group_ekd_loss: 0.984 ; train_group_dkd_loss: 0.306 ; train_contrastive_loss: 2.303 ; train_accTop1_target: 85.914 ; time: 26.711 ; train_acc_target: 85.914 ; train_acc_aux1: 86.779 ; train_acc_aux2: 87.228 ; train_acc_aux3: 87.298 ; train_acc_afm0: 85.920 ; train_acc_afm1: 85.936 ; train_acc_afm2: 85.974
2025-10-25 23:25:27,542:INFO: - Test metrics: test_loss: 7.334 ; test_true_loss: 6.390 ; test_group_ekd_loss: 0.515 ; test_group_dkd_loss: 0.199 ; test_contrastive_loss: 2.303 ; test_accTop1_target: 73.497 ; time: 3.309 ; test_acc_target: 73.497 ; test_acc_aux1: 75.752 ; test_acc_aux2: 77.255 ; test_acc_aux3: 76.909 ; test_accTop1_afm0: 73.477 ; test_accTop1_afm1: 73.507 ; test_accTop1_afm2: 73.556
2025-10-25 23:25:27,598:INFO: Epoch 52/300
2025-10-25 23:25:54,722:INFO: - Train metrics: train_loss: 4.900 ; train_true_loss: 3.346 ; train_group_ekd_loss: 1.010 ; train_group_dkd_loss: 0.314 ; train_contrastive_loss: 2.303 ; train_accTop1_target: 86.075 ; time: 27.123 ; train_acc_target: 86.075 ; train_acc_aux1: 86.735 ; train_acc_aux2: 87.244 ; train_acc_aux3: 87.533 ; train_acc_afm0: 86.099 ; train_acc_afm1: 86.113 ; train_acc_afm2: 86.147
2025-10-25 23:25:58,001:INFO: - Test metrics: test_loss: 5.573 ; test_true_loss: 4.579 ; test_group_ekd_loss: 0.544 ; test_group_dkd_loss: 0.219 ; test_contrastive_loss: 2.303 ; test_accTop1_target: 79.826 ; time: 3.277 ; test_acc_target: 79.826 ; test_acc_aux1: 81.932 ; test_acc_aux2: 83.594 ; test_acc_aux3: 82.308 ; test_accTop1_afm0: 79.856 ; test_accTop1_afm1: 79.974 ; test_accTop1_afm2: 80.053
2025-10-25 23:25:58,058:INFO: Epoch 53/300
2025-10-25 23:26:24,937:INFO: - Train metrics: train_loss: 4.987 ; train_true_loss: 3.372 ; train_group_ekd_loss: 1.061 ; train_group_dkd_loss: 0.324 ; train_contrastive_loss: 2.303 ; train_accTop1_target: 86.023 ; time: 26.878 ; train_acc_target: 86.023 ; train_acc_aux1: 86.925 ; train_acc_aux2: 87.213 ; train_acc_aux3: 87.370 ; train_acc_afm0: 86.031 ; train_acc_afm1: 86.057 ; train_acc_afm2: 86.075
2025-10-25 23:26:28,165:INFO: - Test metrics: test_loss: 6.302 ; test_true_loss: 5.316 ; test_group_ekd_loss: 0.519 ; test_group_dkd_loss: 0.236 ; test_contrastive_loss: 2.303 ; test_accTop1_target: 80.281 ; time: 3.226 ; test_acc_target: 80.281 ; test_acc_aux1: 76.800 ; test_acc_aux2: 80.805 ; test_acc_aux3: 78.649 ; test_accTop1_afm0: 80.271 ; test_accTop1_afm1: 80.370 ; test_accTop1_afm2: 80.429
2025-10-25 23:26:28,220:INFO: Epoch 54/300
2025-10-25 23:26:55,097:INFO: - Train metrics: train_loss: 4.925 ; train_true_loss: 3.329 ; train_group_ekd_loss: 1.043 ; train_group_dkd_loss: 0.323 ; train_contrastive_loss: 2.303 ; train_accTop1_target: 86.043 ; time: 26.876 ; train_acc_target: 86.043 ; train_acc_aux1: 86.877 ; train_acc_aux2: 87.449 ; train_acc_aux3: 87.591 ; train_acc_afm0: 86.059 ; train_acc_afm1: 86.077 ; train_acc_afm2: 86.123
2025-10-25 23:26:58,281:INFO: - Test metrics: test_loss: 5.836 ; test_true_loss: 4.877 ; test_group_ekd_loss: 0.506 ; test_group_dkd_loss: 0.223 ; test_contrastive_loss: 2.303 ; test_accTop1_target: 77.858 ; time: 3.182 ; test_acc_target: 77.858 ; test_acc_aux1: 81.784 ; test_acc_aux2: 82.536 ; test_acc_aux3: 83.495 ; test_accTop1_afm0: 77.858 ; test_accTop1_afm1: 77.927 ; test_accTop1_afm2: 78.006
2025-10-25 23:26:58,339:INFO: Epoch 55/300
2025-10-25 23:27:25,413:INFO: - Train metrics: train_loss: 5.038 ; train_true_loss: 3.364 ; train_group_ekd_loss: 1.105 ; train_group_dkd_loss: 0.338 ; train_contrastive_loss: 2.303 ; train_accTop1_target: 85.934 ; time: 27.073 ; train_acc_target: 85.934 ; train_acc_aux1: 86.470 ; train_acc_aux2: 87.262 ; train_acc_aux3: 87.367 ; train_acc_afm0: 85.944 ; train_acc_afm1: 85.976 ; train_acc_afm2: 86.000
2025-10-25 23:27:28,595:INFO: - Test metrics: test_loss: 5.590 ; test_true_loss: 4.581 ; test_group_ekd_loss: 0.563 ; test_group_dkd_loss: 0.216 ; test_contrastive_loss: 2.303 ; test_accTop1_target: 80.330 ; time: 3.180 ; test_acc_target: 80.330 ; test_acc_aux1: 81.537 ; test_acc_aux2: 82.318 ; test_acc_aux3: 83.020 ; test_accTop1_afm0: 80.340 ; test_accTop1_afm1: 80.370 ; test_accTop1_afm2: 80.439
2025-10-25 23:27:28,652:INFO: Epoch 56/300
2025-10-25 23:27:55,832:INFO: - Train metrics: train_loss: 5.121 ; train_true_loss: 3.392 ; train_group_ekd_loss: 1.148 ; train_group_dkd_loss: 0.351 ; train_contrastive_loss: 2.303 ; train_accTop1_target: 85.933 ; time: 27.179 ; train_acc_target: 85.933 ; train_acc_aux1: 86.600 ; train_acc_aux2: 87.201 ; train_acc_aux3: 87.287 ; train_acc_afm0: 85.953 ; train_acc_afm1: 85.975 ; train_acc_afm2: 86.011
2025-10-25 23:27:59,037:INFO: - Test metrics: test_loss: 5.822 ; test_true_loss: 4.808 ; test_group_ekd_loss: 0.595 ; test_group_dkd_loss: 0.189 ; test_contrastive_loss: 2.303 ; test_accTop1_target: 80.093 ; time: 3.203 ; test_acc_target: 80.093 ; test_acc_aux1: 80.597 ; test_acc_aux2: 81.685 ; test_acc_aux3: 80.419 ; test_accTop1_afm0: 80.093 ; test_accTop1_afm1: 80.123 ; test_accTop1_afm2: 80.192
2025-10-25 23:27:59,090:INFO: Epoch 57/300
2025-10-25 23:28:26,642:INFO: - Train metrics: train_loss: 5.024 ; train_true_loss: 3.322 ; train_group_ekd_loss: 1.127 ; train_group_dkd_loss: 0.344 ; train_contrastive_loss: 2.303 ; train_accTop1_target: 85.964 ; time: 27.551 ; train_acc_target: 85.964 ; train_acc_aux1: 86.971 ; train_acc_aux2: 87.312 ; train_acc_aux3: 87.537 ; train_acc_afm0: 85.978 ; train_acc_afm1: 86.004 ; train_acc_afm2: 86.038
2025-10-25 23:28:29,930:INFO: - Test metrics: test_loss: 5.320 ; test_true_loss: 4.336 ; test_group_ekd_loss: 0.536 ; test_group_dkd_loss: 0.218 ; test_contrastive_loss: 2.303 ; test_accTop1_target: 82.259 ; time: 3.286 ; test_acc_target: 82.259 ; test_acc_aux1: 82.348 ; test_acc_aux2: 81.744 ; test_acc_aux3: 82.714 ; test_accTop1_afm0: 82.328 ; test_accTop1_afm1: 82.298 ; test_accTop1_afm2: 82.377
2025-10-25 23:28:29,985:INFO: Epoch 58/300
2025-10-25 23:28:56,636:INFO: - Train metrics: train_loss: 5.138 ; train_true_loss: 3.365 ; train_group_ekd_loss: 1.185 ; train_group_dkd_loss: 0.357 ; train_contrastive_loss: 2.303 ; train_accTop1_target: 86.203 ; time: 26.650 ; train_acc_target: 86.203 ; train_acc_aux1: 86.559 ; train_acc_aux2: 87.374 ; train_acc_aux3: 87.370 ; train_acc_afm0: 86.211 ; train_acc_afm1: 86.247 ; train_acc_afm2: 86.297
2025-10-25 23:28:59,821:INFO: - Test metrics: test_loss: 7.279 ; test_true_loss: 6.186 ; test_group_ekd_loss: 0.658 ; test_group_dkd_loss: 0.206 ; test_contrastive_loss: 2.303 ; test_accTop1_target: 73.645 ; time: 3.183 ; test_acc_target: 73.645 ; test_acc_aux1: 73.378 ; test_acc_aux2: 72.439 ; test_acc_aux3: 75.989 ; test_accTop1_afm0: 73.675 ; test_accTop1_afm1: 73.665 ; test_accTop1_afm2: 73.685
2025-10-25 23:28:59,871:INFO: Epoch 59/300
2025-10-25 23:29:25,350:INFO: - Train metrics: train_loss: 5.151 ; train_true_loss: 3.370 ; train_group_ekd_loss: 1.191 ; train_group_dkd_loss: 0.360 ; train_contrastive_loss: 2.303 ; train_accTop1_target: 86.064 ; time: 25.478 ; train_acc_target: 86.064 ; train_acc_aux1: 86.797 ; train_acc_aux2: 87.178 ; train_acc_aux3: 87.464 ; train_acc_afm0: 86.072 ; train_acc_afm1: 86.096 ; train_acc_afm2: 86.128
2025-10-25 23:29:28,480:INFO: - Test metrics: test_loss: 6.645 ; test_true_loss: 5.578 ; test_group_ekd_loss: 0.597 ; test_group_dkd_loss: 0.241 ; test_contrastive_loss: 2.303 ; test_accTop1_target: 75.356 ; time: 3.128 ; test_acc_target: 75.356 ; test_acc_aux1: 79.430 ; test_acc_aux2: 79.668 ; test_acc_aux3: 76.889 ; test_accTop1_afm0: 75.356 ; test_accTop1_afm1: 75.465 ; test_accTop1_afm2: 75.465
2025-10-25 23:29:28,531:INFO: Epoch 60/300
2025-10-25 23:29:53,850:INFO: - Train metrics: train_loss: 5.254 ; train_true_loss: 3.403 ; train_group_ekd_loss: 1.245 ; train_group_dkd_loss: 0.376 ; train_contrastive_loss: 2.303 ; train_accTop1_target: 85.875 ; time: 25.318 ; train_acc_target: 85.875 ; train_acc_aux1: 86.448 ; train_acc_aux2: 87.116 ; train_acc_aux3: 87.249 ; train_acc_afm0: 85.883 ; train_acc_afm1: 85.925 ; train_acc_afm2: 85.959
2025-10-25 23:29:56,983:INFO: - Test metrics: test_loss: 5.404 ; test_true_loss: 4.333 ; test_group_ekd_loss: 0.655 ; test_group_dkd_loss: 0.186 ; test_contrastive_loss: 2.303 ; test_accTop1_target: 81.023 ; time: 3.130 ; test_acc_target: 81.023 ; test_acc_aux1: 81.873 ; test_acc_aux2: 83.515 ; test_acc_aux3: 81.982 ; test_accTop1_afm0: 81.003 ; test_accTop1_afm1: 81.023 ; test_accTop1_afm2: 81.072
2025-10-25 23:29:57,031:INFO: Epoch 61/300
2025-10-25 23:30:22,465:INFO: - Train metrics: train_loss: 5.193 ; train_true_loss: 3.399 ; train_group_ekd_loss: 1.194 ; train_group_dkd_loss: 0.370 ; train_contrastive_loss: 2.303 ; train_accTop1_target: 85.846 ; time: 25.433 ; train_acc_target: 85.846 ; train_acc_aux1: 86.689 ; train_acc_aux2: 87.174 ; train_acc_aux3: 87.423 ; train_acc_afm0: 85.850 ; train_acc_afm1: 85.894 ; train_acc_afm2: 85.910
2025-10-25 23:30:25,614:INFO: - Test metrics: test_loss: 6.254 ; test_true_loss: 5.182 ; test_group_ekd_loss: 0.611 ; test_group_dkd_loss: 0.231 ; test_contrastive_loss: 2.303 ; test_accTop1_target: 81.250 ; time: 3.147 ; test_acc_target: 81.250 ; test_acc_aux1: 80.825 ; test_acc_aux2: 78.392 ; test_acc_aux3: 80.044 ; test_accTop1_afm0: 81.280 ; test_accTop1_afm1: 81.230 ; test_accTop1_afm2: 81.210
2025-10-25 23:30:25,664:INFO: Epoch 62/300
2025-10-25 23:30:51,097:INFO: - Train metrics: train_loss: 5.316 ; train_true_loss: 3.408 ; train_group_ekd_loss: 1.294 ; train_group_dkd_loss: 0.384 ; train_contrastive_loss: 2.303 ; train_accTop1_target: 86.089 ; time: 25.432 ; train_acc_target: 86.089 ; train_acc_aux1: 86.803 ; train_acc_aux2: 87.192 ; train_acc_aux3: 87.479 ; train_acc_afm0: 86.105 ; train_acc_afm1: 86.129 ; train_acc_afm2: 86.159
2025-10-25 23:30:54,233:INFO: - Test metrics: test_loss: 7.083 ; test_true_loss: 5.942 ; test_group_ekd_loss: 0.663 ; test_group_dkd_loss: 0.248 ; test_contrastive_loss: 2.303 ; test_accTop1_target: 74.357 ; time: 3.134 ; test_acc_target: 74.357 ; test_acc_aux1: 76.849 ; test_acc_aux2: 75.564 ; test_acc_aux3: 77.700 ; test_accTop1_afm0: 74.367 ; test_accTop1_afm1: 74.397 ; test_accTop1_afm2: 74.456
2025-10-25 23:30:54,287:INFO: Epoch 63/300
2025-10-25 23:31:19,716:INFO: - Train metrics: train_loss: 5.322 ; train_true_loss: 3.441 ; train_group_ekd_loss: 1.266 ; train_group_dkd_loss: 0.385 ; train_contrastive_loss: 2.303 ; train_accTop1_target: 85.907 ; time: 25.427 ; train_acc_target: 85.907 ; train_acc_aux1: 86.826 ; train_acc_aux2: 87.282 ; train_acc_aux3: 87.451 ; train_acc_afm0: 85.911 ; train_acc_afm1: 85.947 ; train_acc_afm2: 85.953
2025-10-25 23:31:22,875:INFO: - Test metrics: test_loss: 5.897 ; test_true_loss: 4.722 ; test_group_ekd_loss: 0.673 ; test_group_dkd_loss: 0.271 ; test_contrastive_loss: 2.303 ; test_accTop1_target: 79.509 ; time: 3.158 ; test_acc_target: 79.509 ; test_acc_aux1: 83.505 ; test_acc_aux2: 81.468 ; test_acc_aux3: 83.881 ; test_accTop1_afm0: 79.559 ; test_accTop1_afm1: 79.589 ; test_accTop1_afm2: 79.678
2025-10-25 23:31:22,925:INFO: Epoch 64/300
2025-10-25 23:31:49,225:INFO: - Train metrics: train_loss: 5.310 ; train_true_loss: 3.395 ; train_group_ekd_loss: 1.291 ; train_group_dkd_loss: 0.394 ; train_contrastive_loss: 2.303 ; train_accTop1_target: 86.154 ; time: 26.299 ; train_acc_target: 86.154 ; train_acc_aux1: 86.729 ; train_acc_aux2: 87.261 ; train_acc_aux3: 87.506 ; train_acc_afm0: 86.166 ; train_acc_afm1: 86.190 ; train_acc_afm2: 86.218
2025-10-25 23:31:52,408:INFO: - Test metrics: test_loss: 5.928 ; test_true_loss: 4.771 ; test_group_ekd_loss: 0.648 ; test_group_dkd_loss: 0.279 ; test_contrastive_loss: 2.303 ; test_accTop1_target: 80.548 ; time: 3.181 ; test_acc_target: 80.548 ; test_acc_aux1: 79.866 ; test_acc_aux2: 82.704 ; test_acc_aux3: 81.438 ; test_accTop1_afm0: 80.578 ; test_accTop1_afm1: 80.647 ; test_accTop1_afm2: 80.726
2025-10-25 23:31:52,461:INFO: Epoch 65/300
2025-10-25 23:32:18,687:INFO: - Train metrics: train_loss: 5.497 ; train_true_loss: 3.485 ; train_group_ekd_loss: 1.366 ; train_group_dkd_loss: 0.416 ; train_contrastive_loss: 2.303 ; train_accTop1_target: 85.917 ; time: 26.225 ; train_acc_target: 85.917 ; train_acc_aux1: 86.519 ; train_acc_aux2: 87.191 ; train_acc_aux3: 87.408 ; train_acc_afm0: 85.921 ; train_acc_afm1: 85.959 ; train_acc_afm2: 85.985
2025-10-25 23:32:21,875:INFO: - Test metrics: test_loss: 6.310 ; test_true_loss: 5.092 ; test_group_ekd_loss: 0.700 ; test_group_dkd_loss: 0.288 ; test_contrastive_loss: 2.303 ; test_accTop1_target: 78.501 ; time: 3.186 ; test_acc_target: 78.501 ; test_acc_aux1: 79.450 ; test_acc_aux2: 77.799 ; test_acc_aux3: 82.981 ; test_accTop1_afm0: 78.501 ; test_accTop1_afm1: 78.530 ; test_accTop1_afm2: 78.590
2025-10-25 23:32:21,918:INFO: Epoch 66/300
2025-10-25 23:32:48,155:INFO: - Train metrics: train_loss: 5.377 ; train_true_loss: 3.466 ; train_group_ekd_loss: 1.280 ; train_group_dkd_loss: 0.401 ; train_contrastive_loss: 2.303 ; train_accTop1_target: 85.852 ; time: 26.236 ; train_acc_target: 85.852 ; train_acc_aux1: 86.598 ; train_acc_aux2: 87.179 ; train_acc_aux3: 87.337 ; train_acc_afm0: 85.860 ; train_acc_afm1: 85.890 ; train_acc_afm2: 85.938
2025-10-25 23:32:51,349:INFO: - Test metrics: test_loss: 5.674 ; test_true_loss: 4.490 ; test_group_ekd_loss: 0.662 ; test_group_dkd_loss: 0.291 ; test_contrastive_loss: 2.303 ; test_accTop1_target: 80.340 ; time: 3.192 ; test_acc_target: 80.340 ; test_acc_aux1: 80.914 ; test_acc_aux2: 81.784 ; test_acc_aux3: 83.010 ; test_accTop1_afm0: 80.330 ; test_accTop1_afm1: 80.419 ; test_accTop1_afm2: 80.449
2025-10-25 23:32:51,417:INFO: Epoch 67/300
2025-10-25 23:33:17,636:INFO: - Train metrics: train_loss: 5.468 ; train_true_loss: 3.476 ; train_group_ekd_loss: 1.349 ; train_group_dkd_loss: 0.413 ; train_contrastive_loss: 2.303 ; train_accTop1_target: 86.034 ; time: 26.217 ; train_acc_target: 86.034 ; train_acc_aux1: 86.702 ; train_acc_aux2: 87.140 ; train_acc_aux3: 87.278 ; train_acc_afm0: 86.032 ; train_acc_afm1: 86.068 ; train_acc_afm2: 86.070
2025-10-25 23:33:20,846:INFO: - Test metrics: test_loss: 5.415 ; test_true_loss: 4.121 ; test_group_ekd_loss: 0.686 ; test_group_dkd_loss: 0.378 ; test_contrastive_loss: 2.303 ; test_accTop1_target: 83.020 ; time: 3.207 ; test_acc_target: 83.020 ; test_acc_aux1: 83.673 ; test_acc_aux2: 84.662 ; test_acc_aux3: 83.950 ; test_accTop1_afm0: 83.000 ; test_accTop1_afm1: 83.099 ; test_accTop1_afm2: 83.109
2025-10-25 23:33:20,899:INFO: - Found better accuracy
2025-10-25 23:33:20,920:INFO: Epoch 68/300
2025-10-25 23:33:47,189:INFO: - Train metrics: train_loss: 5.669 ; train_true_loss: 3.515 ; train_group_ekd_loss: 1.490 ; train_group_dkd_loss: 0.435 ; train_contrastive_loss: 2.303 ; train_accTop1_target: 86.307 ; time: 26.267 ; train_acc_target: 86.307 ; train_acc_aux1: 86.893 ; train_acc_aux2: 87.189 ; train_acc_aux3: 87.508 ; train_acc_afm0: 86.311 ; train_acc_afm1: 86.355 ; train_acc_afm2: 86.383
2025-10-25 23:33:50,354:INFO: - Test metrics: test_loss: 5.378 ; test_true_loss: 4.109 ; test_group_ekd_loss: 0.776 ; test_group_dkd_loss: 0.263 ; test_contrastive_loss: 2.303 ; test_accTop1_target: 83.119 ; time: 3.164 ; test_acc_target: 83.119 ; test_acc_aux1: 83.950 ; test_acc_aux2: 83.554 ; test_acc_aux3: 84.375 ; test_accTop1_afm0: 83.139 ; test_accTop1_afm1: 83.198 ; test_accTop1_afm2: 83.248
2025-10-25 23:33:50,406:INFO: - Found better accuracy
2025-10-25 23:33:50,426:INFO: Epoch 69/300
2025-10-25 23:34:16,622:INFO: - Train metrics: train_loss: 5.606 ; train_true_loss: 3.567 ; train_group_ekd_loss: 1.384 ; train_group_dkd_loss: 0.424 ; train_contrastive_loss: 2.303 ; train_accTop1_target: 86.003 ; time: 26.195 ; train_acc_target: 86.003 ; train_acc_aux1: 86.671 ; train_acc_aux2: 87.054 ; train_acc_aux3: 87.160 ; train_acc_afm0: 86.009 ; train_acc_afm1: 86.049 ; train_acc_afm2: 86.073
2025-10-25 23:34:19,789:INFO: - Test metrics: test_loss: 6.158 ; test_true_loss: 4.906 ; test_group_ekd_loss: 0.717 ; test_group_dkd_loss: 0.305 ; test_contrastive_loss: 2.303 ; test_accTop1_target: 78.985 ; time: 3.164 ; test_acc_target: 78.985 ; test_acc_aux1: 80.617 ; test_acc_aux2: 81.646 ; test_acc_aux3: 80.330 ; test_accTop1_afm0: 79.005 ; test_accTop1_afm1: 79.064 ; test_accTop1_afm2: 79.124
2025-10-25 23:34:19,841:INFO: Epoch 70/300
2025-10-25 23:34:46,039:INFO: - Train metrics: train_loss: 5.683 ; train_true_loss: 3.555 ; train_group_ekd_loss: 1.454 ; train_group_dkd_loss: 0.444 ; train_contrastive_loss: 2.303 ; train_accTop1_target: 85.979 ; time: 26.197 ; train_acc_target: 85.979 ; train_acc_aux1: 86.521 ; train_acc_aux2: 87.096 ; train_acc_aux3: 87.358 ; train_acc_afm0: 85.979 ; train_acc_afm1: 85.995 ; train_acc_afm2: 86.027
2025-10-25 23:34:49,237:INFO: - Test metrics: test_loss: 5.246 ; test_true_loss: 3.951 ; test_group_ekd_loss: 0.753 ; test_group_dkd_loss: 0.312 ; test_contrastive_loss: 2.303 ; test_accTop1_target: 84.415 ; time: 3.196 ; test_acc_target: 84.415 ; test_acc_aux1: 83.080 ; test_acc_aux2: 85.858 ; test_acc_aux3: 84.227 ; test_accTop1_afm0: 84.444 ; test_accTop1_afm1: 84.474 ; test_accTop1_afm2: 84.484
2025-10-25 23:34:49,286:INFO: - Found better accuracy
2025-10-25 23:34:49,306:INFO: Epoch 71/300
2025-10-25 23:35:15,491:INFO: - Train metrics: train_loss: 5.699 ; train_true_loss: 3.606 ; train_group_ekd_loss: 1.422 ; train_group_dkd_loss: 0.441 ; train_contrastive_loss: 2.303 ; train_accTop1_target: 86.012 ; time: 26.184 ; train_acc_target: 86.012 ; train_acc_aux1: 86.538 ; train_acc_aux2: 87.060 ; train_acc_aux3: 87.424 ; train_acc_afm0: 86.018 ; train_acc_afm1: 86.058 ; train_acc_afm2: 86.080
2025-10-25 23:35:18,659:INFO: - Test metrics: test_loss: 6.305 ; test_true_loss: 4.919 ; test_group_ekd_loss: 0.843 ; test_group_dkd_loss: 0.312 ; test_contrastive_loss: 2.303 ; test_accTop1_target: 76.899 ; time: 3.165 ; test_acc_target: 76.899 ; test_acc_aux1: 82.595 ; test_acc_aux2: 80.528 ; test_acc_aux3: 82.081 ; test_accTop1_afm0: 76.938 ; test_accTop1_afm1: 77.255 ; test_accTop1_afm2: 77.294
2025-10-25 23:35:18,717:INFO: Epoch 72/300
2025-10-25 23:35:45,069:INFO: - Train metrics: train_loss: 5.737 ; train_true_loss: 3.590 ; train_group_ekd_loss: 1.466 ; train_group_dkd_loss: 0.452 ; train_contrastive_loss: 2.303 ; train_accTop1_target: 86.039 ; time: 26.351 ; train_acc_target: 86.039 ; train_acc_aux1: 86.746 ; train_acc_aux2: 87.174 ; train_acc_aux3: 87.232 ; train_acc_afm0: 86.049 ; train_acc_afm1: 86.085 ; train_acc_afm2: 86.105
2025-10-25 23:35:48,239:INFO: - Test metrics: test_loss: 6.325 ; test_true_loss: 4.868 ; test_group_ekd_loss: 0.866 ; test_group_dkd_loss: 0.360 ; test_contrastive_loss: 2.303 ; test_accTop1_target: 77.571 ; time: 3.167 ; test_acc_target: 77.571 ; test_acc_aux1: 81.270 ; test_acc_aux2: 80.548 ; test_acc_aux3: 81.497 ; test_accTop1_afm0: 77.571 ; test_accTop1_afm1: 77.591 ; test_accTop1_afm2: 77.611
2025-10-25 23:35:48,296:INFO: Epoch 73/300
2025-10-25 23:36:14,548:INFO: - Train metrics: train_loss: 5.826 ; train_true_loss: 3.676 ; train_group_ekd_loss: 1.457 ; train_group_dkd_loss: 0.464 ; train_contrastive_loss: 2.303 ; train_accTop1_target: 85.671 ; time: 26.251 ; train_acc_target: 85.671 ; train_acc_aux1: 86.154 ; train_acc_aux2: 86.685 ; train_acc_aux3: 86.921 ; train_acc_afm0: 85.675 ; train_acc_afm1: 85.711 ; train_acc_afm2: 85.731
2025-10-25 23:36:17,706:INFO: - Test metrics: test_loss: 7.436 ; test_true_loss: 6.077 ; test_group_ekd_loss: 0.823 ; test_group_dkd_loss: 0.306 ; test_contrastive_loss: 2.303 ; test_accTop1_target: 74.456 ; time: 3.156 ; test_acc_target: 74.456 ; test_acc_aux1: 75.564 ; test_acc_aux2: 78.244 ; test_acc_aux3: 77.383 ; test_accTop1_afm0: 74.466 ; test_accTop1_afm1: 74.486 ; test_accTop1_afm2: 74.545
2025-10-25 23:36:17,776:INFO: Epoch 74/300
2025-10-25 23:36:43,917:INFO: - Train metrics: train_loss: 5.914 ; train_true_loss: 3.731 ; train_group_ekd_loss: 1.488 ; train_group_dkd_loss: 0.464 ; train_contrastive_loss: 2.303 ; train_accTop1_target: 85.632 ; time: 26.139 ; train_acc_target: 85.632 ; train_acc_aux1: 86.261 ; train_acc_aux2: 86.851 ; train_acc_aux3: 87.056 ; train_acc_afm0: 85.638 ; train_acc_afm1: 85.670 ; train_acc_afm2: 85.716
2025-10-25 23:36:47,145:INFO: - Test metrics: test_loss: 5.883 ; test_true_loss: 4.634 ; test_group_ekd_loss: 0.762 ; test_group_dkd_loss: 0.257 ; test_contrastive_loss: 2.303 ; test_accTop1_target: 81.062 ; time: 3.226 ; test_acc_target: 81.062 ; test_acc_aux1: 80.498 ; test_acc_aux2: 82.803 ; test_acc_aux3: 82.644 ; test_accTop1_afm0: 81.082 ; test_accTop1_afm1: 81.131 ; test_accTop1_afm2: 81.141
2025-10-25 23:36:47,198:INFO: Epoch 75/300
2025-10-25 23:37:13,468:INFO: - Train metrics: train_loss: 5.868 ; train_true_loss: 3.646 ; train_group_ekd_loss: 1.539 ; train_group_dkd_loss: 0.452 ; train_contrastive_loss: 2.303 ; train_accTop1_target: 86.275 ; time: 26.268 ; train_acc_target: 86.275 ; train_acc_aux1: 86.771 ; train_acc_aux2: 87.320 ; train_acc_aux3: 87.453 ; train_acc_afm0: 86.283 ; train_acc_afm1: 86.315 ; train_acc_afm2: 86.327
2025-10-25 23:37:16,641:INFO: - Test metrics: test_loss: 7.169 ; test_true_loss: 5.763 ; test_group_ekd_loss: 0.877 ; test_group_dkd_loss: 0.299 ; test_contrastive_loss: 2.303 ; test_accTop1_target: 79.045 ; time: 3.171 ; test_acc_target: 79.045 ; test_acc_aux1: 79.490 ; test_acc_aux2: 81.270 ; test_acc_aux3: 81.299 ; test_accTop1_afm0: 79.055 ; test_accTop1_afm1: 79.163 ; test_accTop1_afm2: 79.183
2025-10-25 23:37:16,696:INFO: Epoch 76/300
2025-10-25 23:37:43,027:INFO: - Train metrics: train_loss: 5.931 ; train_true_loss: 3.679 ; train_group_ekd_loss: 1.561 ; train_group_dkd_loss: 0.461 ; train_contrastive_loss: 2.303 ; train_accTop1_target: 86.590 ; time: 26.330 ; train_acc_target: 86.590 ; train_acc_aux1: 86.991 ; train_acc_aux2: 87.285 ; train_acc_aux3: 87.453 ; train_acc_afm0: 86.594 ; train_acc_afm1: 86.596 ; train_acc_afm2: 86.612
2025-10-25 23:37:46,216:INFO: - Test metrics: test_loss: 5.992 ; test_true_loss: 4.686 ; test_group_ekd_loss: 0.836 ; test_group_dkd_loss: 0.240 ; test_contrastive_loss: 2.303 ; test_accTop1_target: 80.963 ; time: 3.187 ; test_acc_target: 80.963 ; test_acc_aux1: 81.003 ; test_acc_aux2: 83.327 ; test_acc_aux3: 82.358 ; test_accTop1_afm0: 80.973 ; test_accTop1_afm1: 81.003 ; test_accTop1_afm2: 81.013
2025-10-25 23:37:46,267:INFO: Epoch 77/300
2025-10-25 23:38:12,727:INFO: - Train metrics: train_loss: 5.867 ; train_true_loss: 3.803 ; train_group_ekd_loss: 1.381 ; train_group_dkd_loss: 0.451 ; train_contrastive_loss: 2.303 ; train_accTop1_target: 85.681 ; time: 26.458 ; train_acc_target: 85.681 ; train_acc_aux1: 86.246 ; train_acc_aux2: 86.684 ; train_acc_aux3: 86.923 ; train_acc_afm0: 85.693 ; train_acc_afm1: 85.710 ; train_acc_afm2: 85.743
2025-10-25 23:38:15,940:INFO: - Test metrics: test_loss: 6.585 ; test_true_loss: 5.196 ; test_group_ekd_loss: 0.707 ; test_group_dkd_loss: 0.452 ; test_contrastive_loss: 2.303 ; test_accTop1_target: 78.501 ; time: 3.211 ; test_acc_target: 78.501 ; test_acc_aux1: 79.203 ; test_acc_aux2: 78.412 ; test_acc_aux3: 80.548 ; test_accTop1_afm0: 78.501 ; test_accTop1_afm1: 78.501 ; test_accTop1_afm2: 78.530
2025-10-25 23:38:15,992:INFO: Epoch 78/300
2025-10-25 23:38:42,200:INFO: - Train metrics: train_loss: 5.979 ; train_true_loss: 3.773 ; train_group_ekd_loss: 1.506 ; train_group_dkd_loss: 0.469 ; train_contrastive_loss: 2.303 ; train_accTop1_target: 86.194 ; time: 26.207 ; train_acc_target: 86.194 ; train_acc_aux1: 86.744 ; train_acc_aux2: 87.030 ; train_acc_aux3: 87.335 ; train_acc_afm0: 86.198 ; train_acc_afm1: 86.230 ; train_acc_afm2: 86.246
2025-10-25 23:38:45,382:INFO: - Test metrics: test_loss: 5.998 ; test_true_loss: 4.671 ; test_group_ekd_loss: 0.798 ; test_group_dkd_loss: 0.300 ; test_contrastive_loss: 2.303 ; test_accTop1_target: 82.585 ; time: 3.180 ; test_acc_target: 82.585 ; test_acc_aux1: 81.655 ; test_acc_aux2: 83.396 ; test_acc_aux3: 82.526 ; test_accTop1_afm0: 82.595 ; test_accTop1_afm1: 82.615 ; test_accTop1_afm2: 82.615
2025-10-25 23:38:45,442:INFO: Epoch 79/300
2025-10-25 23:39:11,771:INFO: - Train metrics: train_loss: 5.992 ; train_true_loss: 3.811 ; train_group_ekd_loss: 1.490 ; train_group_dkd_loss: 0.461 ; train_contrastive_loss: 2.303 ; train_accTop1_target: 86.354 ; time: 26.327 ; train_acc_target: 86.354 ; train_acc_aux1: 86.755 ; train_acc_aux2: 87.260 ; train_acc_aux3: 87.434 ; train_acc_afm0: 86.360 ; train_acc_afm1: 86.392 ; train_acc_afm2: 86.402
2025-10-25 23:39:14,930:INFO: - Test metrics: test_loss: 7.168 ; test_true_loss: 5.919 ; test_group_ekd_loss: 0.755 ; test_group_dkd_loss: 0.264 ; test_contrastive_loss: 2.303 ; test_accTop1_target: 75.742 ; time: 3.157 ; test_acc_target: 75.742 ; test_acc_aux1: 75.099 ; test_acc_aux2: 78.214 ; test_acc_aux3: 75.237 ; test_accTop1_afm0: 75.742 ; test_accTop1_afm1: 75.791 ; test_accTop1_afm2: 75.821
2025-10-25 23:39:14,979:INFO: Epoch 80/300
2025-10-25 23:39:41,281:INFO: - Train metrics: train_loss: 6.012 ; train_true_loss: 3.830 ; train_group_ekd_loss: 1.490 ; train_group_dkd_loss: 0.461 ; train_contrastive_loss: 2.303 ; train_accTop1_target: 86.509 ; time: 26.301 ; train_acc_target: 86.509 ; train_acc_aux1: 86.935 ; train_acc_aux2: 87.224 ; train_acc_aux3: 87.532 ; train_acc_afm0: 86.513 ; train_acc_afm1: 86.517 ; train_acc_afm2: 86.553
2025-10-25 23:39:44,493:INFO: - Test metrics: test_loss: 5.791 ; test_true_loss: 4.477 ; test_group_ekd_loss: 0.820 ; test_group_dkd_loss: 0.263 ; test_contrastive_loss: 2.303 ; test_accTop1_target: 83.495 ; time: 3.209 ; test_acc_target: 83.495 ; test_acc_aux1: 83.287 ; test_acc_aux2: 83.178 ; test_acc_aux3: 84.068 ; test_accTop1_afm0: 83.485 ; test_accTop1_afm1: 83.515 ; test_accTop1_afm2: 83.544
2025-10-25 23:39:44,550:INFO: Epoch 81/300
2025-10-25 23:40:10,869:INFO: - Train metrics: train_loss: 6.194 ; train_true_loss: 4.063 ; train_group_ekd_loss: 1.441 ; train_group_dkd_loss: 0.460 ; train_contrastive_loss: 2.303 ; train_accTop1_target: 85.826 ; time: 26.318 ; train_acc_target: 85.826 ; train_acc_aux1: 86.443 ; train_acc_aux2: 86.982 ; train_acc_aux3: 87.100 ; train_acc_afm0: 85.840 ; train_acc_afm1: 85.844 ; train_acc_afm2: 85.888
2025-10-25 23:40:14,117:INFO: - Test metrics: test_loss: 5.731 ; test_true_loss: 4.488 ; test_group_ekd_loss: 0.735 ; test_group_dkd_loss: 0.277 ; test_contrastive_loss: 2.303 ; test_accTop1_target: 83.989 ; time: 3.245 ; test_acc_target: 83.989 ; test_acc_aux1: 83.900 ; test_acc_aux2: 83.248 ; test_acc_aux3: 83.604 ; test_accTop1_afm0: 83.989 ; test_accTop1_afm1: 84.009 ; test_accTop1_afm2: 84.039
2025-10-25 23:40:14,214:INFO: Epoch 82/300
2025-10-25 23:40:40,411:INFO: - Train metrics: train_loss: 6.064 ; train_true_loss: 3.935 ; train_group_ekd_loss: 1.461 ; train_group_dkd_loss: 0.438 ; train_contrastive_loss: 2.303 ; train_accTop1_target: 87.017 ; time: 26.196 ; train_acc_target: 87.017 ; train_acc_aux1: 87.374 ; train_acc_aux2: 87.536 ; train_acc_aux3: 87.516 ; train_acc_afm0: 87.023 ; train_acc_afm1: 87.041 ; train_acc_afm2: 87.067
2025-10-25 23:40:43,579:INFO: - Test metrics: test_loss: 6.346 ; test_true_loss: 5.040 ; test_group_ekd_loss: 0.827 ; test_group_dkd_loss: 0.248 ; test_contrastive_loss: 2.303 ; test_accTop1_target: 80.578 ; time: 3.166 ; test_acc_target: 80.578 ; test_acc_aux1: 82.209 ; test_acc_aux2: 82.812 ; test_acc_aux3: 83.623 ; test_accTop1_afm0: 80.597 ; test_accTop1_afm1: 80.637 ; test_accTop1_afm2: 80.647
2025-10-25 23:40:43,632:INFO: Epoch 83/300
2025-10-25 23:41:10,181:INFO: - Train metrics: train_loss: 6.022 ; train_true_loss: 3.961 ; train_group_ekd_loss: 1.386 ; train_group_dkd_loss: 0.445 ; train_contrastive_loss: 2.303 ; train_accTop1_target: 86.558 ; time: 26.548 ; train_acc_target: 86.558 ; train_acc_aux1: 86.865 ; train_acc_aux2: 87.095 ; train_acc_aux3: 87.293 ; train_acc_afm0: 86.560 ; train_acc_afm1: 86.566 ; train_acc_afm2: 86.594
2025-10-25 23:41:13,369:INFO: - Test metrics: test_loss: 6.243 ; test_true_loss: 4.986 ; test_group_ekd_loss: 0.702 ; test_group_dkd_loss: 0.325 ; test_contrastive_loss: 2.303 ; test_accTop1_target: 80.291 ; time: 3.186 ; test_acc_target: 80.291 ; test_acc_aux1: 79.262 ; test_acc_aux2: 80.904 ; test_acc_aux3: 81.201 ; test_accTop1_afm0: 80.311 ; test_accTop1_afm1: 80.311 ; test_accTop1_afm2: 80.340
2025-10-25 23:41:13,429:INFO: Epoch 84/300
2025-10-25 23:41:39,724:INFO: - Train metrics: train_loss: 6.222 ; train_true_loss: 4.032 ; train_group_ekd_loss: 1.495 ; train_group_dkd_loss: 0.465 ; train_contrastive_loss: 2.303 ; train_accTop1_target: 86.641 ; time: 26.293 ; train_acc_target: 86.641 ; train_acc_aux1: 87.056 ; train_acc_aux2: 87.405 ; train_acc_aux3: 87.723 ; train_acc_afm0: 86.651 ; train_acc_afm1: 86.661 ; train_acc_afm2: 86.675
2025-10-25 23:41:42,912:INFO: - Test metrics: test_loss: 6.323 ; test_true_loss: 5.054 ; test_group_ekd_loss: 0.776 ; test_group_dkd_loss: 0.264 ; test_contrastive_loss: 2.303 ; test_accTop1_target: 80.726 ; time: 3.186 ; test_acc_target: 80.726 ; test_acc_aux1: 80.083 ; test_acc_aux2: 81.369 ; test_acc_aux3: 80.320 ; test_accTop1_afm0: 80.746 ; test_accTop1_afm1: 80.756 ; test_accTop1_afm2: 80.765
2025-10-25 23:41:42,969:INFO: Epoch 85/300
2025-10-25 23:42:09,147:INFO: - Train metrics: train_loss: 6.039 ; train_true_loss: 4.047 ; train_group_ekd_loss: 1.341 ; train_group_dkd_loss: 0.421 ; train_contrastive_loss: 2.303 ; train_accTop1_target: 86.911 ; time: 26.177 ; train_acc_target: 86.911 ; train_acc_aux1: 87.319 ; train_acc_aux2: 87.695 ; train_acc_aux3: 87.710 ; train_acc_afm0: 86.915 ; train_acc_afm1: 86.923 ; train_acc_afm2: 86.943
2025-10-25 23:42:12,449:INFO: - Test metrics: test_loss: 5.967 ; test_true_loss: 4.713 ; test_group_ekd_loss: 0.703 ; test_group_dkd_loss: 0.322 ; test_contrastive_loss: 2.303 ; test_accTop1_target: 83.633 ; time: 3.301 ; test_acc_target: 83.633 ; test_acc_aux1: 84.504 ; test_acc_aux2: 85.463 ; test_acc_aux3: 85.166 ; test_accTop1_afm0: 83.633 ; test_accTop1_afm1: 83.623 ; test_accTop1_afm2: 83.703
2025-10-25 23:42:12,503:INFO: Epoch 86/300
2025-10-25 23:42:38,733:INFO: - Train metrics: train_loss: 6.087 ; train_true_loss: 4.100 ; train_group_ekd_loss: 1.327 ; train_group_dkd_loss: 0.429 ; train_contrastive_loss: 2.303 ; train_accTop1_target: 86.660 ; time: 26.229 ; train_acc_target: 86.660 ; train_acc_aux1: 86.963 ; train_acc_aux2: 87.417 ; train_acc_aux3: 87.515 ; train_acc_afm0: 86.678 ; train_acc_afm1: 86.686 ; train_acc_afm2: 86.690
2025-10-25 23:42:41,909:INFO: - Test metrics: test_loss: 6.395 ; test_true_loss: 5.107 ; test_group_ekd_loss: 0.790 ; test_group_dkd_loss: 0.268 ; test_contrastive_loss: 2.303 ; test_accTop1_target: 80.202 ; time: 3.173 ; test_acc_target: 80.202 ; test_acc_aux1: 82.150 ; test_acc_aux2: 80.380 ; test_acc_aux3: 81.824 ; test_accTop1_afm0: 80.202 ; test_accTop1_afm1: 80.212 ; test_accTop1_afm2: 80.231
2025-10-25 23:42:41,964:INFO: Epoch 87/300
2025-10-25 23:43:08,387:INFO: - Train metrics: train_loss: 6.103 ; train_true_loss: 4.102 ; train_group_ekd_loss: 1.340 ; train_group_dkd_loss: 0.431 ; train_contrastive_loss: 2.303 ; train_accTop1_target: 86.830 ; time: 26.422 ; train_acc_target: 86.830 ; train_acc_aux1: 87.369 ; train_acc_aux2: 87.683 ; train_acc_aux3: 87.694 ; train_acc_afm0: 86.832 ; train_acc_afm1: 86.832 ; train_acc_afm2: 86.856
2025-10-25 23:43:11,572:INFO: - Test metrics: test_loss: 7.381 ; test_true_loss: 6.097 ; test_group_ekd_loss: 0.778 ; test_group_dkd_loss: 0.276 ; test_contrastive_loss: 2.303 ; test_accTop1_target: 76.305 ; time: 3.183 ; test_acc_target: 76.305 ; test_acc_aux1: 77.631 ; test_acc_aux2: 74.901 ; test_acc_aux3: 74.219 ; test_accTop1_afm0: 76.305 ; test_accTop1_afm1: 76.325 ; test_accTop1_afm2: 76.345
2025-10-25 23:43:11,623:INFO: Epoch 88/300
2025-10-25 23:43:37,970:INFO: - Train metrics: train_loss: 6.183 ; train_true_loss: 4.171 ; train_group_ekd_loss: 1.341 ; train_group_dkd_loss: 0.440 ; train_contrastive_loss: 2.303 ; train_accTop1_target: 86.672 ; time: 26.345 ; train_acc_target: 86.672 ; train_acc_aux1: 87.077 ; train_acc_aux2: 87.397 ; train_acc_aux3: 87.609 ; train_acc_afm0: 86.680 ; train_acc_afm1: 86.684 ; train_acc_afm2: 86.706
2025-10-25 23:43:41,207:INFO: - Test metrics: test_loss: 6.485 ; test_true_loss: 5.227 ; test_group_ekd_loss: 0.766 ; test_group_dkd_loss: 0.261 ; test_contrastive_loss: 2.303 ; test_accTop1_target: 81.013 ; time: 3.234 ; test_acc_target: 81.013 ; test_acc_aux1: 80.449 ; test_acc_aux2: 79.796 ; test_acc_aux3: 81.023 ; test_accTop1_afm0: 81.023 ; test_accTop1_afm1: 81.013 ; test_accTop1_afm2: 81.003
2025-10-25 23:43:41,258:INFO: Epoch 89/300
2025-10-25 23:44:07,438:INFO: - Train metrics: train_loss: 6.198 ; train_true_loss: 4.190 ; train_group_ekd_loss: 1.336 ; train_group_dkd_loss: 0.441 ; train_contrastive_loss: 2.303 ; train_accTop1_target: 86.831 ; time: 26.179 ; train_acc_target: 86.831 ; train_acc_aux1: 87.072 ; train_acc_aux2: 87.393 ; train_acc_aux3: 87.488 ; train_acc_afm0: 86.837 ; train_acc_afm1: 86.843 ; train_acc_afm2: 86.865
2025-10-25 23:44:10,622:INFO: - Test metrics: test_loss: 6.124 ; test_true_loss: 4.962 ; test_group_ekd_loss: 0.695 ; test_group_dkd_loss: 0.237 ; test_contrastive_loss: 2.303 ; test_accTop1_target: 82.160 ; time: 3.182 ; test_acc_target: 82.160 ; test_acc_aux1: 83.584 ; test_acc_aux2: 83.248 ; test_acc_aux3: 83.129 ; test_accTop1_afm0: 82.150 ; test_accTop1_afm1: 82.160 ; test_accTop1_afm2: 82.189
2025-10-25 23:44:10,680:INFO: Epoch 90/300
2025-10-25 23:44:37,138:INFO: - Train metrics: train_loss: 6.302 ; train_true_loss: 4.262 ; train_group_ekd_loss: 1.359 ; train_group_dkd_loss: 0.452 ; train_contrastive_loss: 2.303 ; train_accTop1_target: 86.823 ; time: 26.457 ; train_acc_target: 86.823 ; train_acc_aux1: 87.003 ; train_acc_aux2: 87.494 ; train_acc_aux3: 87.639 ; train_acc_afm0: 86.829 ; train_acc_afm1: 86.837 ; train_acc_afm2: 86.849
2025-10-25 23:44:40,324:INFO: - Test metrics: test_loss: 8.193 ; test_true_loss: 6.910 ; test_group_ekd_loss: 0.777 ; test_group_dkd_loss: 0.276 ; test_contrastive_loss: 2.303 ; test_accTop1_target: 72.696 ; time: 3.183 ; test_acc_target: 72.696 ; test_acc_aux1: 73.269 ; test_acc_aux2: 72.251 ; test_acc_aux3: 73.220 ; test_accTop1_afm0: 72.706 ; test_accTop1_afm1: 72.725 ; test_accTop1_afm2: 72.735
2025-10-25 23:44:40,375:INFO: Epoch 91/300
2025-10-25 23:45:06,701:INFO: - Train metrics: train_loss: 6.295 ; train_true_loss: 4.258 ; train_group_ekd_loss: 1.354 ; train_group_dkd_loss: 0.452 ; train_contrastive_loss: 2.303 ; train_accTop1_target: 86.775 ; time: 26.324 ; train_acc_target: 86.775 ; train_acc_aux1: 87.123 ; train_acc_aux2: 87.389 ; train_acc_aux3: 87.541 ; train_acc_afm0: 86.789 ; train_acc_afm1: 86.797 ; train_acc_afm2: 86.819
2025-10-25 23:45:09,895:INFO: - Test metrics: test_loss: 6.408 ; test_true_loss: 5.103 ; test_group_ekd_loss: 0.767 ; test_group_dkd_loss: 0.307 ; test_contrastive_loss: 2.303 ; test_accTop1_target: 81.329 ; time: 3.192 ; test_acc_target: 81.329 ; test_acc_aux1: 81.517 ; test_acc_aux2: 81.735 ; test_acc_aux3: 82.051 ; test_accTop1_afm0: 81.319 ; test_accTop1_afm1: 81.319 ; test_accTop1_afm2: 81.329
2025-10-25 23:45:09,952:INFO: Epoch 92/300
2025-10-25 23:45:36,237:INFO: - Train metrics: train_loss: 6.344 ; train_true_loss: 4.304 ; train_group_ekd_loss: 1.355 ; train_group_dkd_loss: 0.455 ; train_contrastive_loss: 2.303 ; train_accTop1_target: 86.803 ; time: 26.284 ; train_acc_target: 86.803 ; train_acc_aux1: 87.106 ; train_acc_aux2: 87.446 ; train_acc_aux3: 87.328 ; train_acc_afm0: 86.805 ; train_acc_afm1: 86.801 ; train_acc_afm2: 86.811
2025-10-25 23:45:39,418:INFO: - Test metrics: test_loss: 8.551 ; test_true_loss: 7.048 ; test_group_ekd_loss: 0.760 ; test_group_dkd_loss: 0.512 ; test_contrastive_loss: 2.303 ; test_accTop1_target: 72.716 ; time: 3.178 ; test_acc_target: 72.716 ; test_acc_aux1: 70.075 ; test_acc_aux2: 71.044 ; test_acc_aux3: 67.672 ; test_accTop1_afm0: 72.716 ; test_accTop1_afm1: 72.735 ; test_accTop1_afm2: 72.745
2025-10-25 23:45:39,472:INFO: Epoch 93/300
2025-10-25 23:46:05,962:INFO: - Train metrics: train_loss: 6.415 ; train_true_loss: 4.356 ; train_group_ekd_loss: 1.363 ; train_group_dkd_loss: 0.465 ; train_contrastive_loss: 2.303 ; train_accTop1_target: 86.596 ; time: 26.489 ; train_acc_target: 86.596 ; train_acc_aux1: 86.879 ; train_acc_aux2: 87.316 ; train_acc_aux3: 87.349 ; train_acc_afm0: 86.604 ; train_acc_afm1: 86.612 ; train_acc_afm2: 86.626
2025-10-25 23:46:09,131:INFO: - Test metrics: test_loss: 6.564 ; test_true_loss: 5.345 ; test_group_ekd_loss: 0.715 ; test_group_dkd_loss: 0.272 ; test_contrastive_loss: 2.303 ; test_accTop1_target: 82.288 ; time: 3.167 ; test_acc_target: 82.288 ; test_acc_aux1: 82.605 ; test_acc_aux2: 82.377 ; test_acc_aux3: 82.377 ; test_accTop1_afm0: 82.288 ; test_accTop1_afm1: 82.288 ; test_accTop1_afm2: 82.298
2025-10-25 23:46:09,190:INFO: Epoch 94/300
2025-10-25 23:46:35,582:INFO: - Train metrics: train_loss: 6.441 ; train_true_loss: 4.375 ; train_group_ekd_loss: 1.369 ; train_group_dkd_loss: 0.466 ; train_contrastive_loss: 2.303 ; train_accTop1_target: 86.696 ; time: 26.391 ; train_acc_target: 86.696 ; train_acc_aux1: 86.997 ; train_acc_aux2: 87.229 ; train_acc_aux3: 87.366 ; train_acc_afm0: 86.700 ; train_acc_afm1: 86.706 ; train_acc_afm2: 86.718
2025-10-25 23:46:38,753:INFO: - Test metrics: test_loss: 6.862 ; test_true_loss: 5.657 ; test_group_ekd_loss: 0.729 ; test_group_dkd_loss: 0.246 ; test_contrastive_loss: 2.303 ; test_accTop1_target: 79.826 ; time: 3.168 ; test_acc_target: 79.826 ; test_acc_aux1: 77.443 ; test_acc_aux2: 80.568 ; test_acc_aux3: 79.945 ; test_accTop1_afm0: 79.826 ; test_accTop1_afm1: 79.816 ; test_accTop1_afm2: 79.866
2025-10-25 23:46:38,810:INFO: Epoch 95/300
2025-10-25 23:47:05,022:INFO: - Train metrics: train_loss: 6.469 ; train_true_loss: 4.392 ; train_group_ekd_loss: 1.378 ; train_group_dkd_loss: 0.468 ; train_contrastive_loss: 2.303 ; train_accTop1_target: 86.715 ; time: 26.211 ; train_acc_target: 86.715 ; train_acc_aux1: 86.991 ; train_acc_aux2: 87.244 ; train_acc_aux3: 87.294 ; train_acc_afm0: 86.721 ; train_acc_afm1: 86.723 ; train_acc_afm2: 86.727
2025-10-25 23:47:08,314:INFO: - Test metrics: test_loss: 6.476 ; test_true_loss: 5.146 ; test_group_ekd_loss: 0.751 ; test_group_dkd_loss: 0.348 ; test_contrastive_loss: 2.303 ; test_accTop1_target: 82.704 ; time: 3.289 ; test_acc_target: 82.704 ; test_acc_aux1: 83.722 ; test_acc_aux2: 84.148 ; test_acc_aux3: 84.365 ; test_accTop1_afm0: 82.694 ; test_accTop1_afm1: 82.723 ; test_accTop1_afm2: 82.743
2025-10-25 23:47:08,371:INFO: Epoch 96/300
2025-10-25 23:47:34,803:INFO: - Train metrics: train_loss: 6.479 ; train_true_loss: 4.380 ; train_group_ekd_loss: 1.393 ; train_group_dkd_loss: 0.476 ; train_contrastive_loss: 2.303 ; train_accTop1_target: 86.795 ; time: 26.431 ; train_acc_target: 86.795 ; train_acc_aux1: 86.970 ; train_acc_aux2: 87.433 ; train_acc_aux3: 87.518 ; train_acc_afm0: 86.797 ; train_acc_afm1: 86.799 ; train_acc_afm2: 86.807
2025-10-25 23:47:37,976:INFO: - Test metrics: test_loss: 6.579 ; test_true_loss: 5.283 ; test_group_ekd_loss: 0.758 ; test_group_dkd_loss: 0.309 ; test_contrastive_loss: 2.303 ; test_accTop1_target: 81.339 ; time: 3.171 ; test_acc_target: 81.339 ; test_acc_aux1: 81.112 ; test_acc_aux2: 80.775 ; test_acc_aux3: 81.309 ; test_accTop1_afm0: 81.359 ; test_accTop1_afm1: 81.388 ; test_accTop1_afm2: 81.379
2025-10-25 23:47:38,032:INFO: Epoch 97/300
2025-10-25 23:48:04,566:INFO: - Train metrics: train_loss: 6.511 ; train_true_loss: 4.421 ; train_group_ekd_loss: 1.379 ; train_group_dkd_loss: 0.481 ; train_contrastive_loss: 2.303 ; train_accTop1_target: 86.537 ; time: 26.533 ; train_acc_target: 86.537 ; train_acc_aux1: 86.823 ; train_acc_aux2: 87.362 ; train_acc_aux3: 87.390 ; train_acc_afm0: 86.543 ; train_acc_afm1: 86.559 ; train_acc_afm2: 86.580
2025-10-25 23:48:07,759:INFO: - Test metrics: test_loss: 8.303 ; test_true_loss: 6.990 ; test_group_ekd_loss: 0.744 ; test_group_dkd_loss: 0.339 ; test_contrastive_loss: 2.303 ; test_accTop1_target: 78.372 ; time: 3.190 ; test_acc_target: 78.372 ; test_acc_aux1: 77.314 ; test_acc_aux2: 81.527 ; test_acc_aux3: 82.002 ; test_accTop1_afm0: 78.352 ; test_accTop1_afm1: 78.382 ; test_accTop1_afm2: 78.372
2025-10-25 23:48:07,812:INFO: Epoch 98/300
2025-10-25 23:48:34,111:INFO: - Train metrics: train_loss: 6.619 ; train_true_loss: 4.523 ; train_group_ekd_loss: 1.385 ; train_group_dkd_loss: 0.481 ; train_contrastive_loss: 2.303 ; train_accTop1_target: 86.288 ; time: 26.298 ; train_acc_target: 86.288 ; train_acc_aux1: 86.828 ; train_acc_aux2: 87.074 ; train_acc_aux3: 87.219 ; train_acc_afm0: 86.288 ; train_acc_afm1: 86.298 ; train_acc_afm2: 86.322
2025-10-25 23:48:37,327:INFO: - Test metrics: test_loss: 7.256 ; test_true_loss: 5.949 ; test_group_ekd_loss: 0.736 ; test_group_dkd_loss: 0.341 ; test_contrastive_loss: 2.303 ; test_accTop1_target: 78.877 ; time: 3.214 ; test_acc_target: 78.877 ; test_acc_aux1: 81.932 ; test_acc_aux2: 81.833 ; test_acc_aux3: 82.911 ; test_accTop1_afm0: 78.886 ; test_accTop1_afm1: 78.896 ; test_accTop1_afm2: 78.946
2025-10-25 23:48:37,423:INFO: Epoch 99/300
2025-10-25 23:49:03,715:INFO: - Train metrics: train_loss: 6.637 ; train_true_loss: 4.527 ; train_group_ekd_loss: 1.392 ; train_group_dkd_loss: 0.489 ; train_contrastive_loss: 2.303 ; train_accTop1_target: 86.352 ; time: 26.290 ; train_acc_target: 86.352 ; train_acc_aux1: 86.590 ; train_acc_aux2: 86.969 ; train_acc_aux3: 87.058 ; train_acc_afm0: 86.348 ; train_acc_afm1: 86.355 ; train_acc_afm2: 86.359
2025-10-25 23:49:06,889:INFO: - Test metrics: test_loss: 6.662 ; test_true_loss: 5.399 ; test_group_ekd_loss: 0.734 ; test_group_dkd_loss: 0.299 ; test_contrastive_loss: 2.303 ; test_accTop1_target: 82.694 ; time: 3.172 ; test_acc_target: 82.694 ; test_acc_aux1: 82.249 ; test_acc_aux2: 82.466 ; test_acc_aux3: 84.246 ; test_accTop1_afm0: 82.664 ; test_accTop1_afm1: 82.674 ; test_accTop1_afm2: 82.723
2025-10-25 23:49:07,358:INFO: Epoch 100/300
2025-10-25 23:49:33,792:INFO: - Train metrics: train_loss: 6.647 ; train_true_loss: 4.522 ; train_group_ekd_loss: 1.403 ; train_group_dkd_loss: 0.491 ; train_contrastive_loss: 2.303 ; train_accTop1_target: 86.477 ; time: 26.432 ; train_acc_target: 86.477 ; train_acc_aux1: 86.773 ; train_acc_aux2: 87.355 ; train_acc_aux3: 87.404 ; train_acc_afm0: 86.483 ; train_acc_afm1: 86.505 ; train_acc_afm2: 86.515
2025-10-25 23:49:36,985:INFO: - Test metrics: test_loss: 7.490 ; test_true_loss: 6.236 ; test_group_ekd_loss: 0.722 ; test_group_dkd_loss: 0.302 ; test_contrastive_loss: 2.303 ; test_accTop1_target: 78.125 ; time: 3.191 ; test_acc_target: 78.125 ; test_acc_aux1: 80.864 ; test_acc_aux2: 81.715 ; test_acc_aux3: 82.308 ; test_accTop1_afm0: 78.125 ; test_accTop1_afm1: 78.145 ; test_accTop1_afm2: 78.165
2025-10-25 23:49:37,036:INFO: Epoch 101/300
2025-10-25 23:50:03,506:INFO: - Train metrics: train_loss: 6.721 ; train_true_loss: 4.571 ; train_group_ekd_loss: 1.427 ; train_group_dkd_loss: 0.492 ; train_contrastive_loss: 2.303 ; train_accTop1_target: 86.405 ; time: 26.469 ; train_acc_target: 86.405 ; train_acc_aux1: 86.833 ; train_acc_aux2: 87.197 ; train_acc_aux3: 87.259 ; train_acc_afm0: 86.407 ; train_acc_afm1: 86.409 ; train_acc_afm2: 86.433
2025-10-25 23:50:06,756:INFO: - Test metrics: test_loss: 6.841 ; test_true_loss: 5.421 ; test_group_ekd_loss: 0.860 ; test_group_dkd_loss: 0.330 ; test_contrastive_loss: 2.303 ; test_accTop1_target: 81.893 ; time: 3.248 ; test_acc_target: 81.893 ; test_acc_aux1: 78.530 ; test_acc_aux2: 79.173 ; test_acc_aux3: 78.550 ; test_accTop1_afm0: 81.893 ; test_accTop1_afm1: 81.893 ; test_accTop1_afm2: 81.873
2025-10-25 23:50:06,814:INFO: Epoch 102/300
2025-10-25 23:50:33,044:INFO: - Train metrics: train_loss: 6.735 ; train_true_loss: 4.589 ; train_group_ekd_loss: 1.415 ; train_group_dkd_loss: 0.501 ; train_contrastive_loss: 2.303 ; train_accTop1_target: 86.490 ; time: 26.229 ; train_acc_target: 86.490 ; train_acc_aux1: 86.864 ; train_acc_aux2: 87.080 ; train_acc_aux3: 87.100 ; train_acc_afm0: 86.492 ; train_acc_afm1: 86.500 ; train_acc_afm2: 86.502
2025-10-25 23:50:36,230:INFO: - Test metrics: test_loss: 6.666 ; test_true_loss: 5.311 ; test_group_ekd_loss: 0.808 ; test_group_dkd_loss: 0.316 ; test_contrastive_loss: 2.303 ; test_accTop1_target: 81.438 ; time: 3.184 ; test_acc_target: 81.438 ; test_acc_aux1: 81.636 ; test_acc_aux2: 83.337 ; test_acc_aux3: 83.010 ; test_accTop1_afm0: 81.448 ; test_accTop1_afm1: 81.468 ; test_accTop1_afm2: 81.468
2025-10-25 23:50:36,286:INFO: Epoch 103/300
2025-10-25 23:51:02,635:INFO: - Train metrics: train_loss: 6.745 ; train_true_loss: 4.591 ; train_group_ekd_loss: 1.421 ; train_group_dkd_loss: 0.503 ; train_contrastive_loss: 2.303 ; train_accTop1_target: 86.579 ; time: 26.348 ; train_acc_target: 86.579 ; train_acc_aux1: 86.703 ; train_acc_aux2: 87.366 ; train_acc_aux3: 87.490 ; train_acc_afm0: 86.593 ; train_acc_afm1: 86.597 ; train_acc_afm2: 86.613
2025-10-25 23:51:05,837:INFO: - Test metrics: test_loss: 6.977 ; test_true_loss: 5.517 ; test_group_ekd_loss: 0.839 ; test_group_dkd_loss: 0.391 ; test_contrastive_loss: 2.303 ; test_accTop1_target: 80.686 ; time: 3.200 ; test_acc_target: 80.686 ; test_acc_aux1: 80.113 ; test_acc_aux2: 79.727 ; test_acc_aux3: 80.914 ; test_accTop1_afm0: 80.716 ; test_accTop1_afm1: 80.716 ; test_accTop1_afm2: 80.726
2025-10-25 23:51:05,888:INFO: Epoch 104/300
2025-10-25 23:51:32,356:INFO: - Train metrics: train_loss: 6.876 ; train_true_loss: 4.697 ; train_group_ekd_loss: 1.435 ; train_group_dkd_loss: 0.513 ; train_contrastive_loss: 2.303 ; train_accTop1_target: 86.263 ; time: 26.467 ; train_acc_target: 86.263 ; train_acc_aux1: 86.507 ; train_acc_aux2: 86.771 ; train_acc_aux3: 86.900 ; train_acc_afm0: 86.275 ; train_acc_afm1: 86.279 ; train_acc_afm2: 86.277
2025-10-25 23:51:35,586:INFO: - Test metrics: test_loss: 6.607 ; test_true_loss: 5.147 ; test_group_ekd_loss: 0.769 ; test_group_dkd_loss: 0.460 ; test_contrastive_loss: 2.303 ; test_accTop1_target: 82.793 ; time: 3.228 ; test_acc_target: 82.793 ; test_acc_aux1: 83.040 ; test_acc_aux2: 81.784 ; test_acc_aux3: 83.297 ; test_accTop1_afm0: 82.842 ; test_accTop1_afm1: 82.862 ; test_accTop1_afm2: 82.882
2025-10-25 23:51:35,638:INFO: Epoch 105/300
2025-10-25 23:52:01,842:INFO: - Train metrics: train_loss: 6.884 ; train_true_loss: 4.705 ; train_group_ekd_loss: 1.441 ; train_group_dkd_loss: 0.507 ; train_contrastive_loss: 2.303 ; train_accTop1_target: 86.462 ; time: 26.203 ; train_acc_target: 86.462 ; train_acc_aux1: 86.596 ; train_acc_aux2: 86.898 ; train_acc_aux3: 87.134 ; train_acc_afm0: 86.466 ; train_acc_afm1: 86.466 ; train_acc_afm2: 86.490
2025-10-25 23:52:05,014:INFO: - Test metrics: test_loss: 7.356 ; test_true_loss: 5.933 ; test_group_ekd_loss: 0.879 ; test_group_dkd_loss: 0.315 ; test_contrastive_loss: 2.303 ; test_accTop1_target: 78.006 ; time: 3.170 ; test_acc_target: 78.006 ; test_acc_aux1: 81.992 ; test_acc_aux2: 80.469 ; test_acc_aux3: 79.697 ; test_accTop1_afm0: 78.036 ; test_accTop1_afm1: 78.056 ; test_accTop1_afm2: 78.085
2025-10-25 23:52:05,074:INFO: Epoch 106/300
2025-10-25 23:52:31,798:INFO: - Train metrics: train_loss: 6.892 ; train_true_loss: 4.707 ; train_group_ekd_loss: 1.444 ; train_group_dkd_loss: 0.509 ; train_contrastive_loss: 2.302 ; train_accTop1_target: 86.381 ; time: 26.723 ; train_acc_target: 86.381 ; train_acc_aux1: 86.809 ; train_acc_aux2: 87.146 ; train_acc_aux3: 87.286 ; train_acc_afm0: 86.385 ; train_acc_afm1: 86.393 ; train_acc_afm2: 86.409
2025-10-25 23:52:34,962:INFO: - Test metrics: test_loss: 6.651 ; test_true_loss: 5.204 ; test_group_ekd_loss: 0.926 ; test_group_dkd_loss: 0.291 ; test_contrastive_loss: 2.303 ; test_accTop1_target: 82.803 ; time: 3.162 ; test_acc_target: 82.803 ; test_acc_aux1: 82.367 ; test_acc_aux2: 80.370 ; test_acc_aux3: 80.627 ; test_accTop1_afm0: 82.803 ; test_accTop1_afm1: 82.803 ; test_accTop1_afm2: 82.803
2025-10-25 23:52:35,018:INFO: Epoch 107/300
2025-10-25 23:53:01,430:INFO: - Train metrics: train_loss: 6.995 ; train_true_loss: 4.800 ; train_group_ekd_loss: 1.450 ; train_group_dkd_loss: 0.515 ; train_contrastive_loss: 2.303 ; train_accTop1_target: 86.060 ; time: 26.411 ; train_acc_target: 86.060 ; train_acc_aux1: 86.254 ; train_acc_aux2: 86.676 ; train_acc_aux3: 86.780 ; train_acc_afm0: 86.068 ; train_acc_afm1: 86.074 ; train_acc_afm2: 86.084
2025-10-25 23:53:04,608:INFO: - Test metrics: test_loss: 6.852 ; test_true_loss: 5.272 ; test_group_ekd_loss: 0.856 ; test_group_dkd_loss: 0.494 ; test_contrastive_loss: 2.303 ; test_accTop1_target: 82.911 ; time: 3.176 ; test_acc_target: 82.911 ; test_acc_aux1: 81.210 ; test_acc_aux2: 79.401 ; test_acc_aux3: 80.983 ; test_accTop1_afm0: 82.911 ; test_accTop1_afm1: 82.892 ; test_accTop1_afm2: 82.892
2025-10-25 23:53:04,668:INFO: Epoch 108/300
2025-10-25 23:53:30,836:INFO: - Train metrics: train_loss: 7.011 ; train_true_loss: 4.802 ; train_group_ekd_loss: 1.458 ; train_group_dkd_loss: 0.520 ; train_contrastive_loss: 2.303 ; train_accTop1_target: 86.382 ; time: 26.167 ; train_acc_target: 86.382 ; train_acc_aux1: 86.626 ; train_acc_aux2: 86.964 ; train_acc_aux3: 86.956 ; train_acc_afm0: 86.398 ; train_acc_afm1: 86.400 ; train_acc_afm2: 86.418
2025-10-25 23:53:34,003:INFO: - Test metrics: test_loss: 6.868 ; test_true_loss: 5.504 ; test_group_ekd_loss: 0.782 ; test_group_dkd_loss: 0.352 ; test_contrastive_loss: 2.303 ; test_accTop1_target: 82.377 ; time: 3.166 ; test_acc_target: 82.377 ; test_acc_aux1: 81.191 ; test_acc_aux2: 80.756 ; test_acc_aux3: 79.688 ; test_accTop1_afm0: 82.377 ; test_accTop1_afm1: 82.377 ; test_accTop1_afm2: 82.367
2025-10-25 23:53:34,054:INFO: Epoch 109/300
2025-10-25 23:54:00,690:INFO: - Train metrics: train_loss: 7.043 ; train_true_loss: 4.844 ; train_group_ekd_loss: 1.448 ; train_group_dkd_loss: 0.521 ; train_contrastive_loss: 2.303 ; train_accTop1_target: 86.182 ; time: 26.636 ; train_acc_target: 86.182 ; train_acc_aux1: 86.133 ; train_acc_aux2: 86.771 ; train_acc_aux3: 86.869 ; train_acc_afm0: 86.184 ; train_acc_afm1: 86.196 ; train_acc_afm2: 86.208
2025-10-25 23:54:03,861:INFO: - Test metrics: test_loss: 6.445 ; test_true_loss: 5.037 ; test_group_ekd_loss: 0.850 ; test_group_dkd_loss: 0.327 ; test_contrastive_loss: 2.303 ; test_accTop1_target: 83.099 ; time: 3.168 ; test_acc_target: 83.099 ; test_acc_aux1: 84.078 ; test_acc_aux2: 85.295 ; test_acc_aux3: 84.049 ; test_accTop1_afm0: 83.109 ; test_accTop1_afm1: 83.109 ; test_accTop1_afm2: 83.109
2025-10-25 23:54:03,917:INFO: Epoch 110/300
2025-10-25 23:54:30,431:INFO: - Train metrics: train_loss: 7.026 ; train_true_loss: 4.805 ; train_group_ekd_loss: 1.466 ; train_group_dkd_loss: 0.524 ; train_contrastive_loss: 2.303 ; train_accTop1_target: 86.578 ; time: 26.513 ; train_acc_target: 86.578 ; train_acc_aux1: 86.824 ; train_acc_aux2: 87.011 ; train_acc_aux3: 87.099 ; train_acc_afm0: 86.588 ; train_acc_afm1: 86.588 ; train_acc_afm2: 86.602
2025-10-25 23:54:33,598:INFO: - Test metrics: test_loss: 6.772 ; test_true_loss: 5.407 ; test_group_ekd_loss: 0.796 ; test_group_dkd_loss: 0.339 ; test_contrastive_loss: 2.303 ; test_accTop1_target: 82.288 ; time: 3.165 ; test_acc_target: 82.288 ; test_acc_aux1: 82.971 ; test_acc_aux2: 82.199 ; test_acc_aux3: 84.771 ; test_accTop1_afm0: 82.298 ; test_accTop1_afm1: 82.328 ; test_accTop1_afm2: 82.377
2025-10-25 23:54:33,656:INFO: Epoch 111/300
2025-10-25 23:54:59,909:INFO: - Train metrics: train_loss: 7.098 ; train_true_loss: 4.864 ; train_group_ekd_loss: 1.474 ; train_group_dkd_loss: 0.530 ; train_contrastive_loss: 2.302 ; train_accTop1_target: 86.133 ; time: 26.252 ; train_acc_target: 86.133 ; train_acc_aux1: 86.348 ; train_acc_aux2: 86.725 ; train_acc_aux3: 86.733 ; train_acc_afm0: 86.141 ; train_acc_afm1: 86.153 ; train_acc_afm2: 86.165
2025-10-25 23:55:03,099:INFO: - Test metrics: test_loss: 7.138 ; test_true_loss: 5.715 ; test_group_ekd_loss: 0.816 ; test_group_dkd_loss: 0.377 ; test_contrastive_loss: 2.303 ; test_accTop1_target: 82.269 ; time: 3.188 ; test_acc_target: 82.269 ; test_acc_aux1: 77.720 ; test_acc_aux2: 80.746 ; test_acc_aux3: 82.417 ; test_accTop1_afm0: 82.288 ; test_accTop1_afm1: 82.269 ; test_accTop1_afm2: 82.278
2025-10-25 23:55:03,195:INFO: Epoch 112/300
2025-10-25 23:55:29,967:INFO: - Train metrics: train_loss: 7.199 ; train_true_loss: 4.947 ; train_group_ekd_loss: 1.481 ; train_group_dkd_loss: 0.541 ; train_contrastive_loss: 2.302 ; train_accTop1_target: 85.788 ; time: 26.770 ; train_acc_target: 85.788 ; train_acc_aux1: 86.087 ; train_acc_aux2: 86.517 ; train_acc_aux3: 86.730 ; train_acc_afm0: 85.796 ; train_acc_afm1: 85.794 ; train_acc_afm2: 85.808
2025-10-25 23:55:33,164:INFO: - Test metrics: test_loss: 8.875 ; test_true_loss: 7.333 ; test_group_ekd_loss: 0.755 ; test_group_dkd_loss: 0.557 ; test_contrastive_loss: 2.303 ; test_accTop1_target: 74.931 ; time: 3.194 ; test_acc_target: 74.931 ; test_acc_aux1: 75.267 ; test_acc_aux2: 74.575 ; test_acc_aux3: 76.127 ; test_accTop1_afm0: 74.921 ; test_accTop1_afm1: 74.941 ; test_accTop1_afm2: 74.960
2025-10-25 23:55:33,219:INFO: Epoch 113/300
2025-10-25 23:55:59,884:INFO: - Train metrics: train_loss: 7.231 ; train_true_loss: 4.976 ; train_group_ekd_loss: 1.486 ; train_group_dkd_loss: 0.538 ; train_contrastive_loss: 2.303 ; train_accTop1_target: 85.927 ; time: 26.664 ; train_acc_target: 85.927 ; train_acc_aux1: 86.154 ; train_acc_aux2: 86.622 ; train_acc_aux3: 86.700 ; train_acc_afm0: 85.945 ; train_acc_afm1: 85.949 ; train_acc_afm2: 85.965
2025-10-25 23:56:03,078:INFO: - Test metrics: test_loss: 7.200 ; test_true_loss: 5.616 ; test_group_ekd_loss: 0.998 ; test_group_dkd_loss: 0.356 ; test_contrastive_loss: 2.303 ; test_accTop1_target: 79.678 ; time: 3.192 ; test_acc_target: 79.678 ; test_acc_aux1: 82.842 ; test_acc_aux2: 81.932 ; test_acc_aux3: 83.366 ; test_accTop1_afm0: 79.707 ; test_accTop1_afm1: 79.727 ; test_accTop1_afm2: 79.786
2025-10-25 23:56:03,137:INFO: Epoch 114/300
2025-10-25 23:56:29,376:INFO: - Train metrics: train_loss: 7.189 ; train_true_loss: 4.914 ; train_group_ekd_loss: 1.501 ; train_group_dkd_loss: 0.544 ; train_contrastive_loss: 2.303 ; train_accTop1_target: 86.288 ; time: 26.238 ; train_acc_target: 86.288 ; train_acc_aux1: 86.563 ; train_acc_aux2: 86.718 ; train_acc_aux3: 86.964 ; train_acc_afm0: 86.298 ; train_acc_afm1: 86.300 ; train_acc_afm2: 86.320
2025-10-25 23:56:32,549:INFO: - Test metrics: test_loss: 10.509 ; test_true_loss: 9.033 ; test_group_ekd_loss: 0.817 ; test_group_dkd_loss: 0.428 ; test_contrastive_loss: 2.303 ; test_accTop1_target: 70.896 ; time: 3.171 ; test_acc_target: 70.896 ; test_acc_aux1: 64.834 ; test_acc_aux2: 65.210 ; test_acc_aux3: 63.568 ; test_accTop1_afm0: 70.896 ; test_accTop1_afm1: 70.876 ; test_accTop1_afm2: 70.866
2025-10-25 23:56:32,602:INFO: Epoch 115/300
2025-10-25 23:56:59,214:INFO: - Train metrics: train_loss: 7.288 ; train_true_loss: 5.005 ; train_group_ekd_loss: 1.503 ; train_group_dkd_loss: 0.550 ; train_contrastive_loss: 2.303 ; train_accTop1_target: 86.102 ; time: 26.610 ; train_acc_target: 86.102 ; train_acc_aux1: 86.348 ; train_acc_aux2: 86.557 ; train_acc_aux3: 86.752 ; train_acc_afm0: 86.112 ; train_acc_afm1: 86.110 ; train_acc_afm2: 86.124
2025-10-25 23:57:02,382:INFO: - Test metrics: test_loss: 7.081 ; test_true_loss: 5.674 ; test_group_ekd_loss: 0.787 ; test_group_dkd_loss: 0.390 ; test_contrastive_loss: 2.303 ; test_accTop1_target: 82.763 ; time: 3.166 ; test_acc_target: 82.763 ; test_acc_aux1: 79.430 ; test_acc_aux2: 79.638 ; test_acc_aux3: 82.555 ; test_accTop1_afm0: 82.763 ; test_accTop1_afm1: 82.773 ; test_accTop1_afm2: 82.773
2025-10-25 23:57:02,473:INFO: Epoch 116/300
2025-10-25 23:57:28,922:INFO: - Train metrics: train_loss: 7.305 ; train_true_loss: 5.018 ; train_group_ekd_loss: 1.503 ; train_group_dkd_loss: 0.555 ; train_contrastive_loss: 2.302 ; train_accTop1_target: 85.878 ; time: 26.447 ; train_acc_target: 85.878 ; train_acc_aux1: 86.166 ; train_acc_aux2: 86.473 ; train_acc_aux3: 86.650 ; train_acc_afm0: 85.886 ; train_acc_afm1: 85.906 ; train_acc_afm2: 85.916
2025-10-25 23:57:32,097:INFO: - Test metrics: test_loss: 7.527 ; test_true_loss: 5.881 ; test_group_ekd_loss: 0.926 ; test_group_dkd_loss: 0.490 ; test_contrastive_loss: 2.303 ; test_accTop1_target: 79.351 ; time: 3.173 ; test_acc_target: 79.351 ; test_acc_aux1: 80.489 ; test_acc_aux2: 79.312 ; test_acc_aux3: 80.736 ; test_accTop1_afm0: 79.351 ; test_accTop1_afm1: 79.361 ; test_accTop1_afm2: 79.391
2025-10-25 23:57:32,148:INFO: Epoch 117/300
2025-10-25 23:57:58,363:INFO: - Train metrics: train_loss: 7.347 ; train_true_loss: 5.035 ; train_group_ekd_loss: 1.524 ; train_group_dkd_loss: 0.558 ; train_contrastive_loss: 2.303 ; train_accTop1_target: 86.044 ; time: 26.214 ; train_acc_target: 86.044 ; train_acc_aux1: 86.202 ; train_acc_aux2: 86.689 ; train_acc_aux3: 86.515 ; train_acc_afm0: 86.058 ; train_acc_afm1: 86.058 ; train_acc_afm2: 86.068
2025-10-25 23:58:01,557:INFO: - Test metrics: test_loss: 6.891 ; test_true_loss: 5.349 ; test_group_ekd_loss: 0.908 ; test_group_dkd_loss: 0.404 ; test_contrastive_loss: 2.303 ; test_accTop1_target: 82.466 ; time: 3.192 ; test_acc_target: 82.466 ; test_acc_aux1: 82.714 ; test_acc_aux2: 84.049 ; test_acc_aux3: 84.098 ; test_accTop1_afm0: 82.476 ; test_accTop1_afm1: 82.476 ; test_accTop1_afm2: 82.526
2025-10-25 23:58:01,615:INFO: Epoch 118/300
2025-10-25 23:58:28,309:INFO: - Train metrics: train_loss: 7.363 ; train_true_loss: 5.065 ; train_group_ekd_loss: 1.508 ; train_group_dkd_loss: 0.561 ; train_contrastive_loss: 2.302 ; train_accTop1_target: 86.016 ; time: 26.693 ; train_acc_target: 86.016 ; train_acc_aux1: 86.185 ; train_acc_aux2: 86.604 ; train_acc_aux3: 86.656 ; train_acc_afm0: 86.024 ; train_acc_afm1: 86.036 ; train_acc_afm2: 86.054
2025-10-25 23:58:31,476:INFO: - Test metrics: test_loss: 7.707 ; test_true_loss: 5.971 ; test_group_ekd_loss: 1.060 ; test_group_dkd_loss: 0.446 ; test_contrastive_loss: 2.303 ; test_accTop1_target: 79.638 ; time: 3.166 ; test_acc_target: 79.638 ; test_acc_aux1: 77.047 ; test_acc_aux2: 80.320 ; test_acc_aux3: 78.422 ; test_accTop1_afm0: 79.628 ; test_accTop1_afm1: 79.628 ; test_accTop1_afm2: 79.628
2025-10-25 23:58:31,530:INFO: Epoch 119/300
2025-10-25 23:58:58,120:INFO: - Train metrics: train_loss: 7.436 ; train_true_loss: 5.118 ; train_group_ekd_loss: 1.522 ; train_group_dkd_loss: 0.567 ; train_contrastive_loss: 2.302 ; train_accTop1_target: 85.788 ; time: 26.588 ; train_acc_target: 85.788 ; train_acc_aux1: 85.983 ; train_acc_aux2: 86.407 ; train_acc_aux3: 86.411 ; train_acc_afm0: 85.794 ; train_acc_afm1: 85.800 ; train_acc_afm2: 85.808
2025-10-25 23:59:01,332:INFO: - Test metrics: test_loss: 10.022 ; test_true_loss: 8.343 ; test_group_ekd_loss: 1.055 ; test_group_dkd_loss: 0.394 ; test_contrastive_loss: 2.303 ; test_accTop1_target: 66.683 ; time: 3.210 ; test_acc_target: 66.683 ; test_acc_aux1: 68.592 ; test_acc_aux2: 64.330 ; test_acc_aux3: 67.197 ; test_accTop1_afm0: 66.713 ; test_accTop1_afm1: 66.723 ; test_accTop1_afm2: 66.752
2025-10-25 23:59:01,389:INFO: Epoch 120/300
2025-10-25 23:59:27,625:INFO: - Train metrics: train_loss: 7.493 ; train_true_loss: 5.159 ; train_group_ekd_loss: 1.537 ; train_group_dkd_loss: 0.567 ; train_contrastive_loss: 2.302 ; train_accTop1_target: 85.785 ; time: 26.236 ; train_acc_target: 85.785 ; train_acc_aux1: 85.848 ; train_acc_aux2: 86.268 ; train_acc_aux3: 86.355 ; train_acc_afm0: 85.789 ; train_acc_afm1: 85.797 ; train_acc_afm2: 85.787
2025-10-25 23:59:30,821:INFO: - Test metrics: test_loss: 7.833 ; test_true_loss: 6.448 ; test_group_ekd_loss: 0.837 ; test_group_dkd_loss: 0.318 ; test_contrastive_loss: 2.303 ; test_accTop1_target: 78.263 ; time: 3.193 ; test_acc_target: 78.263 ; test_acc_aux1: 76.681 ; test_acc_aux2: 75.801 ; test_acc_aux3: 77.532 ; test_accTop1_afm0: 78.254 ; test_accTop1_afm1: 78.263 ; test_accTop1_afm2: 78.293
2025-10-25 23:59:30,876:INFO: Epoch 121/300
2025-10-25 23:59:57,287:INFO: - Train metrics: train_loss: 7.539 ; train_true_loss: 5.187 ; train_group_ekd_loss: 1.547 ; train_group_dkd_loss: 0.574 ; train_contrastive_loss: 2.302 ; train_accTop1_target: 85.848 ; time: 26.410 ; train_acc_target: 85.848 ; train_acc_aux1: 86.151 ; train_acc_aux2: 86.469 ; train_acc_aux3: 86.416 ; train_acc_afm0: 85.858 ; train_acc_afm1: 85.860 ; train_acc_afm2: 85.872
2025-10-26 00:00:00,470:INFO: - Test metrics: test_loss: 7.480 ; test_true_loss: 5.996 ; test_group_ekd_loss: 0.870 ; test_group_dkd_loss: 0.384 ; test_contrastive_loss: 2.303 ; test_accTop1_target: 79.401 ; time: 3.181 ; test_acc_target: 79.401 ; test_acc_aux1: 79.885 ; test_acc_aux2: 80.222 ; test_acc_aux3: 77.324 ; test_accTop1_afm0: 79.411 ; test_accTop1_afm1: 79.411 ; test_accTop1_afm2: 79.420
2025-10-26 00:00:00,527:INFO: Epoch 122/300
2025-10-26 00:00:27,412:INFO: - Train metrics: train_loss: 7.566 ; train_true_loss: 5.199 ; train_group_ekd_loss: 1.559 ; train_group_dkd_loss: 0.578 ; train_contrastive_loss: 2.302 ; train_accTop1_target: 85.902 ; time: 26.884 ; train_acc_target: 85.902 ; train_acc_aux1: 86.077 ; train_acc_aux2: 86.350 ; train_acc_aux3: 86.611 ; train_acc_afm0: 85.904 ; train_acc_afm1: 85.918 ; train_acc_afm2: 85.938
2025-10-26 00:00:30,629:INFO: - Test metrics: test_loss: 8.455 ; test_true_loss: 6.936 ; test_group_ekd_loss: 0.832 ; test_group_dkd_loss: 0.456 ; test_contrastive_loss: 2.303 ; test_accTop1_target: 75.069 ; time: 3.215 ; test_acc_target: 75.069 ; test_acc_aux1: 79.539 ; test_acc_aux2: 79.480 ; test_acc_aux3: 77.878 ; test_accTop1_afm0: 75.099 ; test_accTop1_afm1: 75.119 ; test_accTop1_afm2: 75.158
2025-10-26 00:00:30,681:INFO: Epoch 123/300
2025-10-26 00:00:56,958:INFO: - Train metrics: train_loss: 7.655 ; train_true_loss: 5.267 ; train_group_ekd_loss: 1.569 ; train_group_dkd_loss: 0.589 ; train_contrastive_loss: 2.302 ; train_accTop1_target: 85.719 ; time: 26.276 ; train_acc_target: 85.719 ; train_acc_aux1: 85.883 ; train_acc_aux2: 86.261 ; train_acc_aux3: 86.313 ; train_acc_afm0: 85.725 ; train_acc_afm1: 85.739 ; train_acc_afm2: 85.749
2025-10-26 00:01:00,134:INFO: - Test metrics: test_loss: 7.641 ; test_true_loss: 6.148 ; test_group_ekd_loss: 0.798 ; test_group_dkd_loss: 0.465 ; test_contrastive_loss: 2.303 ; test_accTop1_target: 79.094 ; time: 3.174 ; test_acc_target: 79.094 ; test_acc_aux1: 79.401 ; test_acc_aux2: 81.369 ; test_acc_aux3: 83.831 ; test_accTop1_afm0: 79.114 ; test_accTop1_afm1: 79.124 ; test_accTop1_afm2: 79.193
2025-10-26 00:01:00,188:INFO: Epoch 124/300
2025-10-26 00:01:27,066:INFO: - Train metrics: train_loss: 7.624 ; train_true_loss: 5.245 ; train_group_ekd_loss: 1.575 ; train_group_dkd_loss: 0.574 ; train_contrastive_loss: 2.302 ; train_accTop1_target: 85.813 ; time: 26.877 ; train_acc_target: 85.813 ; train_acc_aux1: 86.025 ; train_acc_aux2: 86.374 ; train_acc_aux3: 86.418 ; train_acc_afm0: 85.829 ; train_acc_afm1: 85.845 ; train_acc_afm2: 85.853
2025-10-26 00:01:30,252:INFO: - Test metrics: test_loss: 7.192 ; test_true_loss: 5.720 ; test_group_ekd_loss: 0.835 ; test_group_dkd_loss: 0.406 ; test_contrastive_loss: 2.303 ; test_accTop1_target: 81.468 ; time: 3.184 ; test_acc_target: 81.468 ; test_acc_aux1: 82.338 ; test_acc_aux2: 82.862 ; test_acc_aux3: 82.723 ; test_accTop1_afm0: 81.477 ; test_accTop1_afm1: 81.487 ; test_accTop1_afm2: 81.517
2025-10-26 00:01:30,777:INFO: Epoch 125/300
2025-10-26 00:01:57,094:INFO: - Train metrics: train_loss: 7.680 ; train_true_loss: 5.289 ; train_group_ekd_loss: 1.578 ; train_group_dkd_loss: 0.583 ; train_contrastive_loss: 2.302 ; train_accTop1_target: 85.857 ; time: 26.316 ; train_acc_target: 85.857 ; train_acc_aux1: 85.956 ; train_acc_aux2: 86.286 ; train_acc_aux3: 86.396 ; train_acc_afm0: 85.865 ; train_acc_afm1: 85.877 ; train_acc_afm2: 85.885
2025-10-26 00:02:00,336:INFO: - Test metrics: test_loss: 8.140 ; test_true_loss: 6.498 ; test_group_ekd_loss: 0.971 ; test_group_dkd_loss: 0.440 ; test_contrastive_loss: 2.303 ; test_accTop1_target: 78.511 ; time: 3.240 ; test_acc_target: 78.511 ; test_acc_aux1: 76.978 ; test_acc_aux2: 74.852 ; test_acc_aux3: 75.277 ; test_accTop1_afm0: 78.511 ; test_accTop1_afm1: 78.511 ; test_accTop1_afm2: 78.521
2025-10-26 00:02:00,394:INFO: Epoch 126/300
2025-10-26 00:02:26,665:INFO: - Train metrics: train_loss: 7.755 ; train_true_loss: 5.363 ; train_group_ekd_loss: 1.567 ; train_group_dkd_loss: 0.595 ; train_contrastive_loss: 2.302 ; train_accTop1_target: 85.427 ; time: 26.269 ; train_acc_target: 85.427 ; train_acc_aux1: 85.503 ; train_acc_aux2: 86.128 ; train_acc_aux3: 86.035 ; train_acc_afm0: 85.431 ; train_acc_afm1: 85.431 ; train_acc_afm2: 85.451
2025-10-26 00:02:29,842:INFO: - Test metrics: test_loss: 8.151 ; test_true_loss: 6.212 ; test_group_ekd_loss: 0.928 ; test_group_dkd_loss: 0.781 ; test_contrastive_loss: 2.303 ; test_accTop1_target: 77.176 ; time: 3.175 ; test_acc_target: 77.176 ; test_acc_aux1: 81.754 ; test_acc_aux2: 82.971 ; test_acc_aux3: 82.427 ; test_accTop1_afm0: 77.195 ; test_accTop1_afm1: 77.205 ; test_accTop1_afm2: 77.225
2025-10-26 00:02:29,900:INFO: Epoch 127/300
2025-10-26 00:02:56,479:INFO: - Train metrics: train_loss: 7.833 ; train_true_loss: 5.392 ; train_group_ekd_loss: 1.614 ; train_group_dkd_loss: 0.597 ; train_contrastive_loss: 2.302 ; train_accTop1_target: 85.510 ; time: 26.578 ; train_acc_target: 85.510 ; train_acc_aux1: 85.829 ; train_acc_aux2: 86.049 ; train_acc_aux3: 86.090 ; train_acc_afm0: 85.518 ; train_acc_afm1: 85.526 ; train_acc_afm2: 85.520
2025-10-26 00:02:59,670:INFO: - Test metrics: test_loss: 8.086 ; test_true_loss: 6.398 ; test_group_ekd_loss: 1.046 ; test_group_dkd_loss: 0.412 ; test_contrastive_loss: 2.303 ; test_accTop1_target: 78.511 ; time: 3.189 ; test_acc_target: 78.511 ; test_acc_aux1: 80.202 ; test_acc_aux2: 76.741 ; test_acc_aux3: 77.393 ; test_accTop1_afm0: 78.530 ; test_accTop1_afm1: 78.540 ; test_accTop1_afm2: 78.550
2025-10-26 00:02:59,720:INFO: Epoch 128/300
2025-10-26 00:03:25,994:INFO: - Train metrics: train_loss: 7.783 ; train_true_loss: 5.365 ; train_group_ekd_loss: 1.593 ; train_group_dkd_loss: 0.595 ; train_contrastive_loss: 2.302 ; train_accTop1_target: 85.541 ; time: 26.272 ; train_acc_target: 85.541 ; train_acc_aux1: 85.808 ; train_acc_aux2: 86.228 ; train_acc_aux3: 86.122 ; train_acc_afm0: 85.541 ; train_acc_afm1: 85.549 ; train_acc_afm2: 85.567
2025-10-26 00:03:29,196:INFO: - Test metrics: test_loss: 8.029 ; test_true_loss: 5.986 ; test_group_ekd_loss: 1.273 ; test_group_dkd_loss: 0.539 ; test_contrastive_loss: 2.303 ; test_accTop1_target: 79.302 ; time: 3.200 ; test_acc_target: 79.302 ; test_acc_aux1: 80.133 ; test_acc_aux2: 83.544 ; test_acc_aux3: 80.854 ; test_accTop1_afm0: 79.331 ; test_accTop1_afm1: 79.361 ; test_accTop1_afm2: 79.371
2025-10-26 00:03:29,248:INFO: Epoch 129/300
2025-10-26 00:03:55,928:INFO: - Train metrics: train_loss: 7.868 ; train_true_loss: 5.418 ; train_group_ekd_loss: 1.617 ; train_group_dkd_loss: 0.603 ; train_contrastive_loss: 2.302 ; train_accTop1_target: 85.781 ; time: 26.679 ; train_acc_target: 85.781 ; train_acc_aux1: 85.868 ; train_acc_aux2: 86.199 ; train_acc_aux3: 86.202 ; train_acc_afm0: 85.795 ; train_acc_afm1: 85.805 ; train_acc_afm2: 85.823
2025-10-26 00:03:59,103:INFO: - Test metrics: test_loss: 8.372 ; test_true_loss: 6.285 ; test_group_ekd_loss: 1.287 ; test_group_dkd_loss: 0.571 ; test_contrastive_loss: 2.303 ; test_accTop1_target: 78.540 ; time: 3.171 ; test_acc_target: 78.540 ; test_acc_aux1: 78.303 ; test_acc_aux2: 79.964 ; test_acc_aux3: 79.549 ; test_accTop1_afm0: 78.560 ; test_accTop1_afm1: 78.590 ; test_accTop1_afm2: 78.590
2025-10-26 00:03:59,168:INFO: Epoch 130/300
2025-10-26 00:04:26,063:INFO: - Train metrics: train_loss: 7.847 ; train_true_loss: 5.424 ; train_group_ekd_loss: 1.589 ; train_group_dkd_loss: 0.604 ; train_contrastive_loss: 2.302 ; train_accTop1_target: 85.538 ; time: 26.893 ; train_acc_target: 85.538 ; train_acc_aux1: 85.641 ; train_acc_aux2: 86.076 ; train_acc_aux3: 85.980 ; train_acc_afm0: 85.560 ; train_acc_afm1: 85.564 ; train_acc_afm2: 85.586
2025-10-26 00:04:29,240:INFO: - Test metrics: test_loss: 7.487 ; test_true_loss: 5.874 ; test_group_ekd_loss: 0.947 ; test_group_dkd_loss: 0.436 ; test_contrastive_loss: 2.303 ; test_accTop1_target: 81.557 ; time: 3.176 ; test_acc_target: 81.557 ; test_acc_aux1: 81.151 ; test_acc_aux2: 80.172 ; test_acc_aux3: 80.993 ; test_accTop1_afm0: 81.586 ; test_accTop1_afm1: 81.576 ; test_accTop1_afm2: 81.616
2025-10-26 00:04:29,294:INFO: Epoch 131/300
2025-10-26 00:04:55,700:INFO: - Train metrics: train_loss: 8.092 ; train_true_loss: 5.631 ; train_group_ekd_loss: 1.617 ; train_group_dkd_loss: 0.614 ; train_contrastive_loss: 2.302 ; train_accTop1_target: 84.678 ; time: 26.405 ; train_acc_target: 84.678 ; train_acc_aux1: 84.784 ; train_acc_aux2: 85.177 ; train_acc_aux3: 85.195 ; train_acc_afm0: 84.684 ; train_acc_afm1: 84.688 ; train_acc_afm2: 84.690
2025-10-26 00:04:58,941:INFO: - Test metrics: test_loss: 8.256 ; test_true_loss: 6.448 ; test_group_ekd_loss: 1.115 ; test_group_dkd_loss: 0.463 ; test_contrastive_loss: 2.303 ; test_accTop1_target: 76.464 ; time: 3.238 ; test_acc_target: 76.464 ; test_acc_aux1: 80.746 ; test_acc_aux2: 78.708 ; test_acc_aux3: 77.650 ; test_accTop1_afm0: 76.473 ; test_accTop1_afm1: 76.473 ; test_accTop1_afm2: 76.513
2025-10-26 00:04:59,008:INFO: Epoch 132/300
2025-10-26 00:05:25,320:INFO: - Train metrics: train_loss: 7.921 ; train_true_loss: 5.463 ; train_group_ekd_loss: 1.617 ; train_group_dkd_loss: 0.611 ; train_contrastive_loss: 2.302 ; train_accTop1_target: 85.823 ; time: 26.311 ; train_acc_target: 85.823 ; train_acc_aux1: 85.876 ; train_acc_aux2: 86.280 ; train_acc_aux3: 86.457 ; train_acc_afm0: 85.827 ; train_acc_afm1: 85.829 ; train_acc_afm2: 85.859
2025-10-26 00:05:28,498:INFO: - Test metrics: test_loss: 8.199 ; test_true_loss: 6.182 ; test_group_ekd_loss: 1.255 ; test_group_dkd_loss: 0.532 ; test_contrastive_loss: 2.303 ; test_accTop1_target: 81.665 ; time: 3.176 ; test_acc_target: 81.665 ; test_acc_aux1: 78.619 ; test_acc_aux2: 78.748 ; test_acc_aux3: 76.147 ; test_accTop1_afm0: 81.646 ; test_accTop1_afm1: 81.655 ; test_accTop1_afm2: 81.685
2025-10-26 00:05:28,559:INFO: Epoch 133/300
2025-10-26 00:05:55,041:INFO: - Train metrics: train_loss: 8.027 ; train_true_loss: 5.545 ; train_group_ekd_loss: 1.630 ; train_group_dkd_loss: 0.621 ; train_contrastive_loss: 2.302 ; train_accTop1_target: 85.326 ; time: 26.481 ; train_acc_target: 85.326 ; train_acc_aux1: 85.611 ; train_acc_aux2: 85.934 ; train_acc_aux3: 85.963 ; train_acc_afm0: 85.344 ; train_acc_afm1: 85.354 ; train_acc_afm2: 85.364
2025-10-26 00:05:58,224:INFO: - Test metrics: test_loss: 8.559 ; test_true_loss: 6.735 ; test_group_ekd_loss: 0.914 ; test_group_dkd_loss: 0.679 ; test_contrastive_loss: 2.303 ; test_accTop1_target: 74.782 ; time: 3.181 ; test_acc_target: 74.782 ; test_acc_aux1: 77.937 ; test_acc_aux2: 80.083 ; test_acc_aux3: 81.369 ; test_accTop1_afm0: 74.832 ; test_accTop1_afm1: 74.871 ; test_accTop1_afm2: 74.901
2025-10-26 00:05:58,278:INFO: Epoch 134/300
2025-10-26 00:06:24,506:INFO: - Train metrics: train_loss: 8.058 ; train_true_loss: 5.526 ; train_group_ekd_loss: 1.675 ; train_group_dkd_loss: 0.626 ; train_contrastive_loss: 2.302 ; train_accTop1_target: 85.495 ; time: 26.225 ; train_acc_target: 85.495 ; train_acc_aux1: 85.639 ; train_acc_aux2: 86.123 ; train_acc_aux3: 86.100 ; train_acc_afm0: 85.499 ; train_acc_afm1: 85.521 ; train_acc_afm2: 85.541
2025-10-26 00:06:27,666:INFO: - Test metrics: test_loss: 8.176 ; test_true_loss: 6.208 ; test_group_ekd_loss: 1.188 ; test_group_dkd_loss: 0.549 ; test_contrastive_loss: 2.303 ; test_accTop1_target: 81.982 ; time: 3.158 ; test_acc_target: 81.982 ; test_acc_aux1: 80.528 ; test_acc_aux2: 75.821 ; test_acc_aux3: 75.049 ; test_accTop1_afm0: 81.962 ; test_accTop1_afm1: 81.972 ; test_accTop1_afm2: 81.952
2025-10-26 00:06:27,722:INFO: Epoch 135/300
2025-10-26 00:06:54,707:INFO: - Train metrics: train_loss: 8.097 ; train_true_loss: 5.597 ; train_group_ekd_loss: 1.646 ; train_group_dkd_loss: 0.624 ; train_contrastive_loss: 2.302 ; train_accTop1_target: 85.208 ; time: 26.984 ; train_acc_target: 85.208 ; train_acc_aux1: 85.418 ; train_acc_aux2: 85.723 ; train_acc_aux3: 85.793 ; train_acc_afm0: 85.220 ; train_acc_afm1: 85.228 ; train_acc_afm2: 85.226
2025-10-26 00:06:57,898:INFO: - Test metrics: test_loss: 7.426 ; test_true_loss: 5.932 ; test_group_ekd_loss: 0.843 ; test_group_dkd_loss: 0.421 ; test_contrastive_loss: 2.303 ; test_accTop1_target: 83.356 ; time: 3.189 ; test_acc_target: 83.356 ; test_acc_aux1: 83.376 ; test_acc_aux2: 82.031 ; test_acc_aux3: 82.447 ; test_accTop1_afm0: 83.386 ; test_accTop1_afm1: 83.356 ; test_accTop1_afm2: 83.396
2025-10-26 00:06:57,951:INFO: Epoch 136/300
2025-10-26 00:07:24,525:INFO: - Train metrics: train_loss: 8.129 ; train_true_loss: 5.649 ; train_group_ekd_loss: 1.645 ; train_group_dkd_loss: 0.605 ; train_contrastive_loss: 2.302 ; train_accTop1_target: 85.022 ; time: 26.573 ; train_acc_target: 85.022 ; train_acc_aux1: 85.183 ; train_acc_aux2: 85.453 ; train_acc_aux3: 85.591 ; train_acc_afm0: 85.028 ; train_acc_afm1: 85.030 ; train_acc_afm2: 85.040
2025-10-26 00:07:27,885:INFO: - Test metrics: test_loss: 8.254 ; test_true_loss: 6.706 ; test_group_ekd_loss: 0.827 ; test_group_dkd_loss: 0.491 ; test_contrastive_loss: 2.303 ; test_accTop1_target: 80.884 ; time: 3.358 ; test_acc_target: 80.884 ; test_acc_aux1: 83.604 ; test_acc_aux2: 83.426 ; test_acc_aux3: 81.131 ; test_accTop1_afm0: 80.924 ; test_accTop1_afm1: 80.963 ; test_accTop1_afm2: 80.973
2025-10-26 00:07:27,943:INFO: Epoch 137/300
2025-10-26 00:07:54,092:INFO: - Train metrics: train_loss: 8.239 ; train_true_loss: 5.720 ; train_group_ekd_loss: 1.658 ; train_group_dkd_loss: 0.630 ; train_contrastive_loss: 2.302 ; train_accTop1_target: 85.107 ; time: 26.148 ; train_acc_target: 85.107 ; train_acc_aux1: 85.279 ; train_acc_aux2: 85.438 ; train_acc_aux3: 85.543 ; train_acc_afm0: 85.103 ; train_acc_afm1: 85.111 ; train_acc_afm2: 85.121
2025-10-26 00:07:57,264:INFO: - Test metrics: test_loss: 7.377 ; test_true_loss: 5.623 ; test_group_ekd_loss: 0.958 ; test_group_dkd_loss: 0.565 ; test_contrastive_loss: 2.303 ; test_accTop1_target: 83.663 ; time: 3.170 ; test_acc_target: 83.663 ; test_acc_aux1: 85.077 ; test_acc_aux2: 84.543 ; test_acc_aux3: 84.365 ; test_accTop1_afm0: 83.663 ; test_accTop1_afm1: 83.693 ; test_accTop1_afm2: 83.693
2025-10-26 00:07:57,319:INFO: Epoch 138/300
2025-10-26 00:08:23,853:INFO: - Train metrics: train_loss: 8.312 ; train_true_loss: 5.790 ; train_group_ekd_loss: 1.667 ; train_group_dkd_loss: 0.624 ; train_contrastive_loss: 2.302 ; train_accTop1_target: 85.006 ; time: 26.534 ; train_acc_target: 85.006 ; train_acc_aux1: 85.246 ; train_acc_aux2: 85.638 ; train_acc_aux3: 85.637 ; train_acc_afm0: 85.016 ; train_acc_afm1: 85.024 ; train_acc_afm2: 85.040
2025-10-26 00:08:27,041:INFO: - Test metrics: test_loss: 8.929 ; test_true_loss: 6.904 ; test_group_ekd_loss: 0.907 ; test_group_dkd_loss: 0.888 ; test_contrastive_loss: 2.303 ; test_accTop1_target: 76.711 ; time: 3.186 ; test_acc_target: 76.711 ; test_acc_aux1: 79.786 ; test_acc_aux2: 79.688 ; test_acc_aux3: 79.826 ; test_accTop1_afm0: 76.800 ; test_accTop1_afm1: 76.859 ; test_accTop1_afm2: 76.899
2025-10-26 00:08:27,096:INFO: Epoch 139/300
2025-10-26 00:08:53,359:INFO: - Train metrics: train_loss: 7.972 ; train_true_loss: 5.697 ; train_group_ekd_loss: 1.526 ; train_group_dkd_loss: 0.519 ; train_contrastive_loss: 2.303 ; train_accTop1_target: 86.449 ; time: 26.261 ; train_acc_target: 86.449 ; train_acc_aux1: 86.360 ; train_acc_aux2: 86.771 ; train_acc_aux3: 86.702 ; train_acc_afm0: 86.455 ; train_acc_afm1: 86.457 ; train_acc_afm2: 86.471
2025-10-26 00:08:56,641:INFO: - Test metrics: test_loss: 7.301 ; test_true_loss: 5.946 ; test_group_ekd_loss: 0.844 ; test_group_dkd_loss: 0.280 ; test_contrastive_loss: 2.303 ; test_accTop1_target: 82.902 ; time: 3.279 ; test_acc_target: 82.902 ; test_acc_aux1: 83.208 ; test_acc_aux2: 83.327 ; test_acc_aux3: 84.148 ; test_accTop1_afm0: 82.911 ; test_accTop1_afm1: 82.911 ; test_accTop1_afm2: 82.921
2025-10-26 00:08:56,693:INFO: Epoch 140/300
2025-10-26 00:09:23,392:INFO: - Train metrics: train_loss: 7.679 ; train_true_loss: 5.459 ; train_group_ekd_loss: 1.499 ; train_group_dkd_loss: 0.490 ; train_contrastive_loss: 2.303 ; train_accTop1_target: 87.450 ; time: 26.697 ; train_acc_target: 87.450 ; train_acc_aux1: 87.486 ; train_acc_aux2: 87.737 ; train_acc_aux3: 87.491 ; train_acc_afm0: 87.448 ; train_acc_afm1: 87.452 ; train_acc_afm2: 87.458
2025-10-26 00:09:26,552:INFO: - Test metrics: test_loss: 7.523 ; test_true_loss: 6.139 ; test_group_ekd_loss: 0.867 ; test_group_dkd_loss: 0.287 ; test_contrastive_loss: 2.303 ; test_accTop1_target: 82.239 ; time: 3.158 ; test_acc_target: 82.239 ; test_acc_aux1: 80.884 ; test_acc_aux2: 83.772 ; test_acc_aux3: 79.401 ; test_accTop1_afm0: 82.249 ; test_accTop1_afm1: 82.249 ; test_accTop1_afm2: 82.249
2025-10-26 00:09:26,604:INFO: Epoch 141/300
2025-10-26 00:09:53,331:INFO: - Train metrics: train_loss: 7.748 ; train_true_loss: 5.546 ; train_group_ekd_loss: 1.476 ; train_group_dkd_loss: 0.496 ; train_contrastive_loss: 2.303 ; train_accTop1_target: 87.196 ; time: 26.726 ; train_acc_target: 87.196 ; train_acc_aux1: 87.135 ; train_acc_aux2: 87.193 ; train_acc_aux3: 87.187 ; train_acc_afm0: 87.202 ; train_acc_afm1: 87.212 ; train_acc_afm2: 87.218
2025-10-26 00:09:56,531:INFO: - Test metrics: test_loss: 7.057 ; test_true_loss: 5.691 ; test_group_ekd_loss: 0.846 ; test_group_dkd_loss: 0.290 ; test_contrastive_loss: 2.303 ; test_accTop1_target: 85.453 ; time: 3.197 ; test_acc_target: 85.453 ; test_acc_aux1: 84.949 ; test_acc_aux2: 84.939 ; test_acc_aux3: 83.396 ; test_accTop1_afm0: 85.473 ; test_accTop1_afm1: 85.463 ; test_accTop1_afm2: 85.483
2025-10-26 00:09:56,586:INFO: - Found better accuracy
2025-10-26 00:09:56,607:INFO: Epoch 142/300
2025-10-26 00:10:22,794:INFO: - Train metrics: train_loss: 7.760 ; train_true_loss: 5.560 ; train_group_ekd_loss: 1.476 ; train_group_dkd_loss: 0.494 ; train_contrastive_loss: 2.303 ; train_accTop1_target: 87.122 ; time: 26.186 ; train_acc_target: 87.122 ; train_acc_aux1: 87.345 ; train_acc_aux2: 87.505 ; train_acc_aux3: 87.519 ; train_acc_afm0: 87.128 ; train_acc_afm1: 87.136 ; train_acc_afm2: 87.136
2025-10-26 00:10:26,280:INFO: - Test metrics: test_loss: 6.923 ; test_true_loss: 5.525 ; test_group_ekd_loss: 0.870 ; test_group_dkd_loss: 0.299 ; test_contrastive_loss: 2.303 ; test_accTop1_target: 86.561 ; time: 3.483 ; test_acc_target: 86.561 ; test_acc_aux1: 85.769 ; test_acc_aux2: 85.117 ; test_acc_aux3: 86.392 ; test_accTop1_afm0: 86.551 ; test_accTop1_afm1: 86.551 ; test_accTop1_afm2: 86.570
2025-10-26 00:10:26,343:INFO: - Found better accuracy
2025-10-26 00:10:26,363:INFO: Epoch 143/300
2025-10-26 00:10:53,082:INFO: - Train metrics: train_loss: 7.729 ; train_true_loss: 5.534 ; train_group_ekd_loss: 1.482 ; train_group_dkd_loss: 0.483 ; train_contrastive_loss: 2.303 ; train_accTop1_target: 87.510 ; time: 26.718 ; train_acc_target: 87.510 ; train_acc_aux1: 87.580 ; train_acc_aux2: 87.482 ; train_acc_aux3: 87.722 ; train_acc_afm0: 87.512 ; train_acc_afm1: 87.510 ; train_acc_afm2: 87.514
2025-10-26 00:10:56,286:INFO: - Test metrics: test_loss: 7.444 ; test_true_loss: 6.038 ; test_group_ekd_loss: 0.875 ; test_group_dkd_loss: 0.301 ; test_contrastive_loss: 2.303 ; test_accTop1_target: 81.290 ; time: 3.202 ; test_acc_target: 81.290 ; test_acc_aux1: 81.359 ; test_acc_aux2: 81.794 ; test_acc_aux3: 83.505 ; test_accTop1_afm0: 81.270 ; test_accTop1_afm1: 81.270 ; test_accTop1_afm2: 81.290
2025-10-26 00:10:56,386:INFO: Epoch 144/300
2025-10-26 00:11:23,093:INFO: - Train metrics: train_loss: 7.706 ; train_true_loss: 5.524 ; train_group_ekd_loss: 1.467 ; train_group_dkd_loss: 0.485 ; train_contrastive_loss: 2.303 ; train_accTop1_target: 87.997 ; time: 26.706 ; train_acc_target: 87.997 ; train_acc_aux1: 88.043 ; train_acc_aux2: 87.942 ; train_acc_aux3: 88.063 ; train_acc_afm0: 87.993 ; train_acc_afm1: 88.003 ; train_acc_afm2: 88.003
2025-10-26 00:11:26,359:INFO: - Test metrics: test_loss: 9.825 ; test_true_loss: 8.247 ; test_group_ekd_loss: 0.964 ; test_group_dkd_loss: 0.383 ; test_contrastive_loss: 2.303 ; test_accTop1_target: 68.176 ; time: 3.263 ; test_acc_target: 68.176 ; test_acc_aux1: 71.746 ; test_acc_aux2: 76.414 ; test_acc_aux3: 71.628 ; test_accTop1_afm0: 68.176 ; test_accTop1_afm1: 68.196 ; test_accTop1_afm2: 68.186
2025-10-26 00:11:26,454:INFO: Epoch 145/300
2025-10-26 00:11:52,643:INFO: - Train metrics: train_loss: 7.720 ; train_true_loss: 5.539 ; train_group_ekd_loss: 1.467 ; train_group_dkd_loss: 0.483 ; train_contrastive_loss: 2.303 ; train_accTop1_target: 87.800 ; time: 26.188 ; train_acc_target: 87.800 ; train_acc_aux1: 87.791 ; train_acc_aux2: 87.948 ; train_acc_aux3: 87.898 ; train_acc_afm0: 87.807 ; train_acc_afm1: 87.813 ; train_acc_afm2: 87.815
2025-10-26 00:11:55,813:INFO: - Test metrics: test_loss: 8.522 ; test_true_loss: 7.211 ; test_group_ekd_loss: 0.769 ; test_group_dkd_loss: 0.312 ; test_contrastive_loss: 2.303 ; test_accTop1_target: 74.654 ; time: 3.168 ; test_acc_target: 74.654 ; test_acc_aux1: 76.206 ; test_acc_aux2: 79.955 ; test_acc_aux3: 78.728 ; test_accTop1_afm0: 74.674 ; test_accTop1_afm1: 74.684 ; test_accTop1_afm2: 74.664
2025-10-26 00:11:55,872:INFO: Epoch 146/300
2025-10-26 00:12:22,750:INFO: - Train metrics: train_loss: 7.767 ; train_true_loss: 5.576 ; train_group_ekd_loss: 1.474 ; train_group_dkd_loss: 0.487 ; train_contrastive_loss: 2.303 ; train_accTop1_target: 87.839 ; time: 26.877 ; train_acc_target: 87.839 ; train_acc_aux1: 87.803 ; train_acc_aux2: 87.920 ; train_acc_aux3: 87.898 ; train_acc_afm0: 87.851 ; train_acc_afm1: 87.849 ; train_acc_afm2: 87.855
2025-10-26 00:12:25,951:INFO: - Test metrics: test_loss: 8.955 ; test_true_loss: 7.690 ; test_group_ekd_loss: 0.743 ; test_group_dkd_loss: 0.291 ; test_contrastive_loss: 2.303 ; test_accTop1_target: 73.922 ; time: 3.199 ; test_acc_target: 73.922 ; test_acc_aux1: 72.300 ; test_acc_aux2: 73.952 ; test_acc_aux3: 74.713 ; test_accTop1_afm0: 73.922 ; test_accTop1_afm1: 73.932 ; test_accTop1_afm2: 73.932
2025-10-26 00:12:26,012:INFO: Epoch 147/300
2025-10-26 00:12:52,267:INFO: - Train metrics: train_loss: 7.766 ; train_true_loss: 5.570 ; train_group_ekd_loss: 1.480 ; train_group_dkd_loss: 0.485 ; train_contrastive_loss: 2.303 ; train_accTop1_target: 87.940 ; time: 26.254 ; train_acc_target: 87.940 ; train_acc_aux1: 87.851 ; train_acc_aux2: 87.943 ; train_acc_aux3: 87.972 ; train_acc_afm0: 87.938 ; train_acc_afm1: 87.944 ; train_acc_afm2: 87.942
2025-10-26 00:12:55,456:INFO: - Test metrics: test_loss: 9.078 ; test_true_loss: 7.717 ; test_group_ekd_loss: 0.786 ; test_group_dkd_loss: 0.345 ; test_contrastive_loss: 2.303 ; test_accTop1_target: 72.231 ; time: 3.187 ; test_acc_target: 72.231 ; test_acc_aux1: 72.706 ; test_acc_aux2: 77.888 ; test_acc_aux3: 77.522 ; test_accTop1_afm0: 72.280 ; test_accTop1_afm1: 72.261 ; test_accTop1_afm2: 72.261
2025-10-26 00:12:55,510:INFO: Epoch 148/300
2025-10-26 00:13:21,852:INFO: - Train metrics: train_loss: 7.755 ; train_true_loss: 5.559 ; train_group_ekd_loss: 1.481 ; train_group_dkd_loss: 0.484 ; train_contrastive_loss: 2.303 ; train_accTop1_target: 87.655 ; time: 26.341 ; train_acc_target: 87.655 ; train_acc_aux1: 87.773 ; train_acc_aux2: 87.803 ; train_acc_aux3: 87.829 ; train_acc_afm0: 87.659 ; train_acc_afm1: 87.663 ; train_acc_afm2: 87.671
2025-10-26 00:13:25,022:INFO: - Test metrics: test_loss: 7.611 ; test_true_loss: 6.260 ; test_group_ekd_loss: 0.832 ; test_group_dkd_loss: 0.288 ; test_contrastive_loss: 2.303 ; test_accTop1_target: 81.359 ; time: 3.168 ; test_acc_target: 81.359 ; test_acc_aux1: 82.170 ; test_acc_aux2: 82.783 ; test_acc_aux3: 82.634 ; test_accTop1_afm0: 81.388 ; test_accTop1_afm1: 81.388 ; test_accTop1_afm2: 81.398
2025-10-26 00:13:25,545:INFO: Epoch 149/300
2025-10-26 00:13:52,342:INFO: - Train metrics: train_loss: 7.764 ; train_true_loss: 5.558 ; train_group_ekd_loss: 1.488 ; train_group_dkd_loss: 0.488 ; train_contrastive_loss: 2.303 ; train_accTop1_target: 87.940 ; time: 26.796 ; train_acc_target: 87.940 ; train_acc_aux1: 87.979 ; train_acc_aux2: 88.104 ; train_acc_aux3: 88.143 ; train_acc_afm0: 87.960 ; train_acc_afm1: 87.960 ; train_acc_afm2: 87.964
2025-10-26 00:13:55,546:INFO: - Test metrics: test_loss: 7.647 ; test_true_loss: 6.292 ; test_group_ekd_loss: 0.828 ; test_group_dkd_loss: 0.297 ; test_contrastive_loss: 2.303 ; test_accTop1_target: 82.921 ; time: 3.201 ; test_acc_target: 82.921 ; test_acc_aux1: 81.932 ; test_acc_aux2: 82.387 ; test_acc_aux3: 81.042 ; test_accTop1_afm0: 82.921 ; test_accTop1_afm1: 82.921 ; test_accTop1_afm2: 82.921
2025-10-26 00:13:55,604:INFO: Epoch 150/300
2025-10-26 00:14:21,771:INFO: - Train metrics: train_loss: 7.137 ; train_true_loss: 4.842 ; train_group_ekd_loss: 1.622 ; train_group_dkd_loss: 0.443 ; train_contrastive_loss: 2.303 ; train_accTop1_target: 92.199 ; time: 26.166 ; train_acc_target: 92.199 ; train_acc_aux1: 92.046 ; train_acc_aux2: 92.393 ; train_acc_aux3: 92.442 ; train_acc_afm0: 92.201 ; train_acc_afm1: 92.201 ; train_acc_afm2: 92.207
2025-10-26 00:14:25,020:INFO: - Test metrics: test_loss: 6.144 ; test_true_loss: 4.746 ; test_group_ekd_loss: 0.935 ; test_group_dkd_loss: 0.232 ; test_contrastive_loss: 2.303 ; test_accTop1_target: 91.169 ; time: 3.246 ; test_acc_target: 91.169 ; test_acc_aux1: 91.416 ; test_acc_aux2: 91.624 ; test_acc_aux3: 91.446 ; test_accTop1_afm0: 91.179 ; test_accTop1_afm1: 91.189 ; test_accTop1_afm2: 91.179
2025-10-26 00:14:25,082:INFO: - Found better accuracy
2025-10-26 00:14:25,103:INFO: Epoch 151/300
2025-10-26 00:14:51,655:INFO: - Train metrics: train_loss: 6.962 ; train_true_loss: 4.631 ; train_group_ekd_loss: 1.663 ; train_group_dkd_loss: 0.438 ; train_contrastive_loss: 2.303 ; train_accTop1_target: 93.348 ; time: 26.552 ; train_acc_target: 93.348 ; train_acc_aux1: 93.431 ; train_acc_aux2: 93.654 ; train_acc_aux3: 93.797 ; train_acc_afm0: 93.346 ; train_acc_afm1: 93.348 ; train_acc_afm2: 93.352
2025-10-26 00:14:54,838:INFO: - Test metrics: test_loss: 6.089 ; test_true_loss: 4.681 ; test_group_ekd_loss: 0.948 ; test_group_dkd_loss: 0.231 ; test_contrastive_loss: 2.303 ; test_accTop1_target: 91.723 ; time: 3.181 ; test_acc_target: 91.723 ; test_acc_aux1: 91.653 ; test_acc_aux2: 92.267 ; test_acc_aux3: 91.901 ; test_accTop1_afm0: 91.733 ; test_accTop1_afm1: 91.733 ; test_accTop1_afm2: 91.723
2025-10-26 00:14:54,927:INFO: - Found better accuracy
2025-10-26 00:14:54,958:INFO: Epoch 152/300
2025-10-26 00:15:21,451:INFO: - Train metrics: train_loss: 6.881 ; train_true_loss: 4.527 ; train_group_ekd_loss: 1.682 ; train_group_dkd_loss: 0.442 ; train_contrastive_loss: 2.303 ; train_accTop1_target: 94.161 ; time: 26.492 ; train_acc_target: 94.161 ; train_acc_aux1: 94.013 ; train_acc_aux2: 94.578 ; train_acc_aux3: 94.534 ; train_acc_afm0: 94.163 ; train_acc_afm1: 94.161 ; train_acc_afm2: 94.167
2025-10-26 00:15:24,916:INFO: - Test metrics: test_loss: 6.098 ; test_true_loss: 4.699 ; test_group_ekd_loss: 0.934 ; test_group_dkd_loss: 0.234 ; test_contrastive_loss: 2.303 ; test_accTop1_target: 91.555 ; time: 3.462 ; test_acc_target: 91.555 ; test_acc_aux1: 91.723 ; test_acc_aux2: 92.227 ; test_acc_aux3: 92.138 ; test_accTop1_afm0: 91.564 ; test_accTop1_afm1: 91.564 ; test_accTop1_afm2: 91.574
2025-10-26 00:15:24,968:INFO: Epoch 153/300
2025-10-26 00:15:51,275:INFO: - Train metrics: train_loss: 6.865 ; train_true_loss: 4.504 ; train_group_ekd_loss: 1.686 ; train_group_dkd_loss: 0.445 ; train_contrastive_loss: 2.303 ; train_accTop1_target: 94.418 ; time: 26.306 ; train_acc_target: 94.418 ; train_acc_aux1: 94.465 ; train_acc_aux2: 94.797 ; train_acc_aux3: 94.863 ; train_acc_afm0: 94.414 ; train_acc_afm1: 94.416 ; train_acc_afm2: 94.414
2025-10-26 00:15:54,449:INFO: - Test metrics: test_loss: 6.107 ; test_true_loss: 4.701 ; test_group_ekd_loss: 0.932 ; test_group_dkd_loss: 0.244 ; test_contrastive_loss: 2.303 ; test_accTop1_target: 91.891 ; time: 3.172 ; test_acc_target: 91.891 ; test_acc_aux1: 91.911 ; test_acc_aux2: 92.395 ; test_acc_aux3: 92.089 ; test_accTop1_afm0: 91.911 ; test_accTop1_afm1: 91.911 ; test_accTop1_afm2: 91.920
2025-10-26 00:15:54,503:INFO: - Found better accuracy
2025-10-26 00:15:54,525:INFO: Epoch 154/300
2025-10-26 00:16:21,647:INFO: - Train metrics: train_loss: 6.874 ; train_true_loss: 4.498 ; train_group_ekd_loss: 1.697 ; train_group_dkd_loss: 0.448 ; train_contrastive_loss: 2.303 ; train_accTop1_target: 94.759 ; time: 27.121 ; train_acc_target: 94.759 ; train_acc_aux1: 94.675 ; train_acc_aux2: 95.241 ; train_acc_aux3: 95.377 ; train_acc_afm0: 94.761 ; train_acc_afm1: 94.765 ; train_acc_afm2: 94.767
2025-10-26 00:16:24,829:INFO: - Test metrics: test_loss: 6.129 ; test_true_loss: 4.751 ; test_group_ekd_loss: 0.919 ; test_group_dkd_loss: 0.229 ; test_contrastive_loss: 2.303 ; test_accTop1_target: 91.980 ; time: 3.180 ; test_acc_target: 91.980 ; test_acc_aux1: 91.970 ; test_acc_aux2: 92.188 ; test_acc_aux3: 92.207 ; test_accTop1_afm0: 91.990 ; test_accTop1_afm1: 91.990 ; test_accTop1_afm2: 91.980
2025-10-26 00:16:24,881:INFO: - Found better accuracy
2025-10-26 00:16:24,901:INFO: Epoch 155/300
2025-10-26 00:16:51,416:INFO: - Train metrics: train_loss: 6.861 ; train_true_loss: 4.480 ; train_group_ekd_loss: 1.700 ; train_group_dkd_loss: 0.450 ; train_contrastive_loss: 2.303 ; train_accTop1_target: 94.869 ; time: 26.514 ; train_acc_target: 94.869 ; train_acc_aux1: 94.974 ; train_acc_aux2: 95.400 ; train_acc_aux3: 95.448 ; train_acc_afm0: 94.873 ; train_acc_afm1: 94.877 ; train_acc_afm2: 94.879
2025-10-26 00:16:54,720:INFO: - Test metrics: test_loss: 6.116 ; test_true_loss: 4.728 ; test_group_ekd_loss: 0.924 ; test_group_dkd_loss: 0.234 ; test_contrastive_loss: 2.303 ; test_accTop1_target: 91.980 ; time: 3.302 ; test_acc_target: 91.980 ; test_acc_aux1: 92.019 ; test_acc_aux2: 92.504 ; test_acc_aux3: 91.980 ; test_accTop1_afm0: 91.980 ; test_accTop1_afm1: 91.980 ; test_accTop1_afm2: 91.980
2025-10-26 00:16:54,772:INFO: - Found better accuracy
2025-10-26 00:16:54,791:INFO: Epoch 156/300
2025-10-26 00:17:21,174:INFO: - Train metrics: train_loss: 6.846 ; train_true_loss: 4.455 ; train_group_ekd_loss: 1.707 ; train_group_dkd_loss: 0.454 ; train_contrastive_loss: 2.303 ; train_accTop1_target: 95.040 ; time: 26.382 ; train_acc_target: 95.040 ; train_acc_aux1: 95.119 ; train_acc_aux2: 95.625 ; train_acc_aux3: 95.670 ; train_acc_afm0: 95.044 ; train_acc_afm1: 95.042 ; train_acc_afm2: 95.050
2025-10-26 00:17:24,346:INFO: - Test metrics: test_loss: 6.075 ; test_true_loss: 4.694 ; test_group_ekd_loss: 0.920 ; test_group_dkd_loss: 0.231 ; test_contrastive_loss: 2.303 ; test_accTop1_target: 92.296 ; time: 3.169 ; test_acc_target: 92.296 ; test_acc_aux1: 92.534 ; test_acc_aux2: 92.593 ; test_acc_aux3: 92.563 ; test_accTop1_afm0: 92.286 ; test_accTop1_afm1: 92.286 ; test_accTop1_afm2: 92.296
2025-10-26 00:17:24,402:INFO: - Found better accuracy
2025-10-26 00:17:24,422:INFO: Epoch 157/300
2025-10-26 00:17:50,826:INFO: - Train metrics: train_loss: 6.844 ; train_true_loss: 4.445 ; train_group_ekd_loss: 1.713 ; train_group_dkd_loss: 0.456 ; train_contrastive_loss: 2.303 ; train_accTop1_target: 95.303 ; time: 26.403 ; train_acc_target: 95.303 ; train_acc_aux1: 95.415 ; train_acc_aux2: 95.871 ; train_acc_aux3: 95.995 ; train_acc_afm0: 95.303 ; train_acc_afm1: 95.305 ; train_acc_afm2: 95.305
2025-10-26 00:17:54,060:INFO: - Test metrics: test_loss: 6.186 ; test_true_loss: 4.780 ; test_group_ekd_loss: 0.925 ; test_group_dkd_loss: 0.251 ; test_contrastive_loss: 2.303 ; test_accTop1_target: 91.851 ; time: 3.232 ; test_acc_target: 91.851 ; test_acc_aux1: 92.178 ; test_acc_aux2: 92.544 ; test_acc_aux3: 92.227 ; test_accTop1_afm0: 91.851 ; test_accTop1_afm1: 91.851 ; test_accTop1_afm2: 91.861
2025-10-26 00:17:54,117:INFO: Epoch 158/300
2025-10-26 00:18:20,359:INFO: - Train metrics: train_loss: 6.848 ; train_true_loss: 4.436 ; train_group_ekd_loss: 1.720 ; train_group_dkd_loss: 0.462 ; train_contrastive_loss: 2.303 ; train_accTop1_target: 95.466 ; time: 26.241 ; train_acc_target: 95.466 ; train_acc_aux1: 95.518 ; train_acc_aux2: 96.035 ; train_acc_aux3: 96.045 ; train_acc_afm0: 95.474 ; train_acc_afm1: 95.472 ; train_acc_afm2: 95.478
2025-10-26 00:18:23,553:INFO: - Test metrics: test_loss: 6.163 ; test_true_loss: 4.774 ; test_group_ekd_loss: 0.911 ; test_group_dkd_loss: 0.247 ; test_contrastive_loss: 2.303 ; test_accTop1_target: 91.911 ; time: 3.192 ; test_acc_target: 91.911 ; test_acc_aux1: 92.098 ; test_acc_aux2: 92.514 ; test_acc_aux3: 92.593 ; test_accTop1_afm0: 91.911 ; test_accTop1_afm1: 91.911 ; test_accTop1_afm2: 91.911
2025-10-26 00:18:23,609:INFO: Epoch 159/300
2025-10-26 00:18:50,336:INFO: - Train metrics: train_loss: 6.861 ; train_true_loss: 4.443 ; train_group_ekd_loss: 1.724 ; train_group_dkd_loss: 0.464 ; train_contrastive_loss: 2.303 ; train_accTop1_target: 95.563 ; time: 26.725 ; train_acc_target: 95.563 ; train_acc_aux1: 95.703 ; train_acc_aux2: 96.219 ; train_acc_aux3: 96.247 ; train_acc_afm0: 95.565 ; train_acc_afm1: 95.565 ; train_acc_afm2: 95.565
2025-10-26 00:18:53,526:INFO: - Test metrics: test_loss: 6.220 ; test_true_loss: 4.817 ; test_group_ekd_loss: 0.929 ; test_group_dkd_loss: 0.244 ; test_contrastive_loss: 2.303 ; test_accTop1_target: 91.970 ; time: 3.187 ; test_acc_target: 91.970 ; test_acc_aux1: 92.188 ; test_acc_aux2: 92.593 ; test_acc_aux3: 92.227 ; test_accTop1_afm0: 91.990 ; test_accTop1_afm1: 91.990 ; test_accTop1_afm2: 91.990
2025-10-26 00:18:53,576:INFO: Epoch 160/300
2025-10-26 00:19:20,464:INFO: - Train metrics: train_loss: 6.866 ; train_true_loss: 4.443 ; train_group_ekd_loss: 1.729 ; train_group_dkd_loss: 0.464 ; train_contrastive_loss: 2.303 ; train_accTop1_target: 95.772 ; time: 26.887 ; train_acc_target: 95.772 ; train_acc_aux1: 95.784 ; train_acc_aux2: 96.298 ; train_acc_aux3: 96.370 ; train_acc_afm0: 95.774 ; train_acc_afm1: 95.776 ; train_acc_afm2: 95.786
2025-10-26 00:19:23,719:INFO: - Test metrics: test_loss: 6.215 ; test_true_loss: 4.796 ; test_group_ekd_loss: 0.936 ; test_group_dkd_loss: 0.252 ; test_contrastive_loss: 2.303 ; test_accTop1_target: 91.901 ; time: 3.252 ; test_acc_target: 91.901 ; test_acc_aux1: 92.158 ; test_acc_aux2: 92.603 ; test_acc_aux3: 92.375 ; test_accTop1_afm0: 91.911 ; test_accTop1_afm1: 91.901 ; test_accTop1_afm2: 91.920
2025-10-26 00:19:23,779:INFO: Epoch 161/300
2025-10-26 00:19:50,649:INFO: - Train metrics: train_loss: 6.859 ; train_true_loss: 4.430 ; train_group_ekd_loss: 1.729 ; train_group_dkd_loss: 0.470 ; train_contrastive_loss: 2.303 ; train_accTop1_target: 95.869 ; time: 26.869 ; train_acc_target: 95.869 ; train_acc_aux1: 95.802 ; train_acc_aux2: 96.347 ; train_acc_aux3: 96.403 ; train_acc_afm0: 95.869 ; train_acc_afm1: 95.877 ; train_acc_afm2: 95.885
2025-10-26 00:19:53,818:INFO: - Test metrics: test_loss: 6.300 ; test_true_loss: 4.941 ; test_group_ekd_loss: 0.889 ; test_group_dkd_loss: 0.239 ; test_contrastive_loss: 2.303 ; test_accTop1_target: 91.545 ; time: 3.167 ; test_acc_target: 91.545 ; test_acc_aux1: 91.723 ; test_acc_aux2: 92.356 ; test_acc_aux3: 92.306 ; test_accTop1_afm0: 91.545 ; test_accTop1_afm1: 91.545 ; test_accTop1_afm2: 91.555
2025-10-26 00:19:53,877:INFO: Epoch 162/300
2025-10-26 00:20:20,665:INFO: - Train metrics: train_loss: 6.864 ; train_true_loss: 4.427 ; train_group_ekd_loss: 1.735 ; train_group_dkd_loss: 0.472 ; train_contrastive_loss: 2.303 ; train_accTop1_target: 95.841 ; time: 26.787 ; train_acc_target: 95.841 ; train_acc_aux1: 95.953 ; train_acc_aux2: 96.350 ; train_acc_aux3: 96.505 ; train_acc_afm0: 95.845 ; train_acc_afm1: 95.849 ; train_acc_afm2: 95.853
2025-10-26 00:20:23,941:INFO: - Test metrics: test_loss: 6.286 ; test_true_loss: 4.905 ; test_group_ekd_loss: 0.907 ; test_group_dkd_loss: 0.243 ; test_contrastive_loss: 2.303 ; test_accTop1_target: 91.792 ; time: 3.273 ; test_acc_target: 91.792 ; test_acc_aux1: 91.555 ; test_acc_aux2: 92.207 ; test_acc_aux3: 92.544 ; test_accTop1_afm0: 91.802 ; test_accTop1_afm1: 91.792 ; test_accTop1_afm2: 91.802
2025-10-26 00:20:23,993:INFO: Epoch 163/300
2025-10-26 00:20:50,228:INFO: - Train metrics: train_loss: 6.924 ; train_true_loss: 4.480 ; train_group_ekd_loss: 1.737 ; train_group_dkd_loss: 0.476 ; train_contrastive_loss: 2.303 ; train_accTop1_target: 95.920 ; time: 26.235 ; train_acc_target: 95.920 ; train_acc_aux1: 95.944 ; train_acc_aux2: 96.413 ; train_acc_aux3: 96.626 ; train_acc_afm0: 95.922 ; train_acc_afm1: 95.926 ; train_acc_afm2: 95.928
2025-10-26 00:20:53,407:INFO: - Test metrics: test_loss: 6.367 ; test_true_loss: 4.932 ; test_group_ekd_loss: 0.937 ; test_group_dkd_loss: 0.267 ; test_contrastive_loss: 2.303 ; test_accTop1_target: 91.485 ; time: 3.177 ; test_acc_target: 91.485 ; test_acc_aux1: 91.920 ; test_acc_aux2: 92.138 ; test_acc_aux3: 92.000 ; test_accTop1_afm0: 91.485 ; test_accTop1_afm1: 91.485 ; test_accTop1_afm2: 91.485
2025-10-26 00:20:53,466:INFO: Epoch 164/300
2025-10-26 00:21:20,147:INFO: - Train metrics: train_loss: 6.928 ; train_true_loss: 4.471 ; train_group_ekd_loss: 1.747 ; train_group_dkd_loss: 0.480 ; train_contrastive_loss: 2.303 ; train_accTop1_target: 96.119 ; time: 26.680 ; train_acc_target: 96.119 ; train_acc_aux1: 96.059 ; train_acc_aux2: 96.687 ; train_acc_aux3: 96.768 ; train_acc_afm0: 96.129 ; train_acc_afm1: 96.131 ; train_acc_afm2: 96.133
2025-10-26 00:21:23,354:INFO: - Test metrics: test_loss: 6.340 ; test_true_loss: 4.903 ; test_group_ekd_loss: 0.936 ; test_group_dkd_loss: 0.270 ; test_contrastive_loss: 2.303 ; test_accTop1_target: 92.079 ; time: 3.206 ; test_acc_target: 92.079 ; test_acc_aux1: 91.802 ; test_acc_aux2: 92.544 ; test_acc_aux3: 92.019 ; test_accTop1_afm0: 92.069 ; test_accTop1_afm1: 92.079 ; test_accTop1_afm2: 92.069
2025-10-26 00:21:23,409:INFO: Epoch 165/300
2025-10-26 00:21:49,831:INFO: - Train metrics: train_loss: 6.955 ; train_true_loss: 4.500 ; train_group_ekd_loss: 1.744 ; train_group_dkd_loss: 0.481 ; train_contrastive_loss: 2.303 ; train_accTop1_target: 96.004 ; time: 26.421 ; train_acc_target: 96.004 ; train_acc_aux1: 95.989 ; train_acc_aux2: 96.594 ; train_acc_aux3: 96.672 ; train_acc_afm0: 96.006 ; train_acc_afm1: 96.006 ; train_acc_afm2: 96.012
2025-10-26 00:21:53,155:INFO: - Test metrics: test_loss: 6.356 ; test_true_loss: 4.920 ; test_group_ekd_loss: 0.943 ; test_group_dkd_loss: 0.263 ; test_contrastive_loss: 2.303 ; test_accTop1_target: 92.009 ; time: 3.322 ; test_acc_target: 92.009 ; test_acc_aux1: 91.822 ; test_acc_aux2: 92.573 ; test_acc_aux3: 92.168 ; test_accTop1_afm0: 92.009 ; test_accTop1_afm1: 92.009 ; test_accTop1_afm2: 92.019
2025-10-26 00:21:53,209:INFO: Epoch 166/300
2025-10-26 00:22:19,752:INFO: - Train metrics: train_loss: 6.935 ; train_true_loss: 4.472 ; train_group_ekd_loss: 1.748 ; train_group_dkd_loss: 0.484 ; train_contrastive_loss: 2.303 ; train_accTop1_target: 96.217 ; time: 26.542 ; train_acc_target: 96.217 ; train_acc_aux1: 96.169 ; train_acc_aux2: 96.881 ; train_acc_aux3: 96.757 ; train_acc_afm0: 96.219 ; train_acc_afm1: 96.219 ; train_acc_afm2: 96.219
2025-10-26 00:22:22,929:INFO: - Test metrics: test_loss: 6.378 ; test_true_loss: 4.911 ; test_group_ekd_loss: 0.960 ; test_group_dkd_loss: 0.277 ; test_contrastive_loss: 2.303 ; test_accTop1_target: 92.039 ; time: 3.175 ; test_acc_target: 92.039 ; test_acc_aux1: 91.911 ; test_acc_aux2: 92.207 ; test_acc_aux3: 92.385 ; test_accTop1_afm0: 92.039 ; test_accTop1_afm1: 92.039 ; test_accTop1_afm2: 92.039
2025-10-26 00:22:23,241:INFO: Epoch 167/300
2025-10-26 00:22:50,293:INFO: - Train metrics: train_loss: 6.958 ; train_true_loss: 4.487 ; train_group_ekd_loss: 1.753 ; train_group_dkd_loss: 0.488 ; train_contrastive_loss: 2.303 ; train_accTop1_target: 96.190 ; time: 27.050 ; train_acc_target: 96.190 ; train_acc_aux1: 96.190 ; train_acc_aux2: 96.829 ; train_acc_aux3: 96.917 ; train_acc_afm0: 96.196 ; train_acc_afm1: 96.200 ; train_acc_afm2: 96.204
2025-10-26 00:22:53,593:INFO: - Test metrics: test_loss: 6.372 ; test_true_loss: 4.927 ; test_group_ekd_loss: 0.934 ; test_group_dkd_loss: 0.281 ; test_contrastive_loss: 2.303 ; test_accTop1_target: 91.901 ; time: 3.298 ; test_acc_target: 91.901 ; test_acc_aux1: 92.069 ; test_acc_aux2: 92.741 ; test_acc_aux3: 92.573 ; test_accTop1_afm0: 91.930 ; test_accTop1_afm1: 91.930 ; test_accTop1_afm2: 91.940
2025-10-26 00:22:53,637:INFO: Epoch 168/300
2025-10-26 00:23:19,787:INFO: - Train metrics: train_loss: 7.000 ; train_true_loss: 4.532 ; train_group_ekd_loss: 1.751 ; train_group_dkd_loss: 0.487 ; train_contrastive_loss: 2.303 ; train_accTop1_target: 96.050 ; time: 26.149 ; train_acc_target: 96.050 ; train_acc_aux1: 96.174 ; train_acc_aux2: 96.706 ; train_acc_aux3: 96.778 ; train_acc_afm0: 96.050 ; train_acc_afm1: 96.052 ; train_acc_afm2: 96.058
2025-10-26 00:23:22,956:INFO: - Test metrics: test_loss: 6.418 ; test_true_loss: 4.983 ; test_group_ekd_loss: 0.935 ; test_group_dkd_loss: 0.270 ; test_contrastive_loss: 2.303 ; test_accTop1_target: 91.911 ; time: 3.166 ; test_acc_target: 91.911 ; test_acc_aux1: 91.742 ; test_acc_aux2: 92.455 ; test_acc_aux3: 91.980 ; test_accTop1_afm0: 91.920 ; test_accTop1_afm1: 91.930 ; test_accTop1_afm2: 91.950
2025-10-26 00:23:23,201:INFO: Epoch 169/300
2025-10-26 00:23:49,939:INFO: - Train metrics: train_loss: 7.024 ; train_true_loss: 4.544 ; train_group_ekd_loss: 1.758 ; train_group_dkd_loss: 0.491 ; train_contrastive_loss: 2.303 ; train_accTop1_target: 96.113 ; time: 26.736 ; train_acc_target: 96.113 ; train_acc_aux1: 96.148 ; train_acc_aux2: 96.803 ; train_acc_aux3: 96.775 ; train_acc_afm0: 96.117 ; train_acc_afm1: 96.117 ; train_acc_afm2: 96.121
2025-10-26 00:23:53,099:INFO: - Test metrics: test_loss: 6.488 ; test_true_loss: 5.034 ; test_group_ekd_loss: 0.941 ; test_group_dkd_loss: 0.282 ; test_contrastive_loss: 2.303 ; test_accTop1_target: 91.594 ; time: 3.158 ; test_acc_target: 91.594 ; test_acc_aux1: 91.693 ; test_acc_aux2: 91.950 ; test_acc_aux3: 91.624 ; test_accTop1_afm0: 91.594 ; test_accTop1_afm1: 91.594 ; test_accTop1_afm2: 91.594
2025-10-26 00:23:53,157:INFO: Epoch 170/300
2025-10-26 00:24:19,358:INFO: - Train metrics: train_loss: 7.088 ; train_true_loss: 4.603 ; train_group_ekd_loss: 1.759 ; train_group_dkd_loss: 0.495 ; train_contrastive_loss: 2.303 ; train_accTop1_target: 96.048 ; time: 26.199 ; train_acc_target: 96.048 ; train_acc_aux1: 96.127 ; train_acc_aux2: 96.779 ; train_acc_aux3: 96.776 ; train_acc_afm0: 96.058 ; train_acc_afm1: 96.062 ; train_acc_afm2: 96.072
2025-10-26 00:24:22,679:INFO: - Test metrics: test_loss: 6.624 ; test_true_loss: 5.229 ; test_group_ekd_loss: 0.908 ; test_group_dkd_loss: 0.257 ; test_contrastive_loss: 2.303 ; test_accTop1_target: 91.426 ; time: 3.320 ; test_acc_target: 91.426 ; test_acc_aux1: 91.297 ; test_acc_aux2: 91.960 ; test_acc_aux3: 91.584 ; test_accTop1_afm0: 91.426 ; test_accTop1_afm1: 91.446 ; test_accTop1_afm2: 91.446
2025-10-26 00:24:22,732:INFO: Epoch 171/300
2025-10-26 00:24:49,065:INFO: - Train metrics: train_loss: 7.042 ; train_true_loss: 4.557 ; train_group_ekd_loss: 1.758 ; train_group_dkd_loss: 0.496 ; train_contrastive_loss: 2.303 ; train_accTop1_target: 96.106 ; time: 26.332 ; train_acc_target: 96.106 ; train_acc_aux1: 96.154 ; train_acc_aux2: 96.848 ; train_acc_aux3: 96.762 ; train_acc_afm0: 96.108 ; train_acc_afm1: 96.118 ; train_acc_afm2: 96.118
2025-10-26 00:24:52,252:INFO: - Test metrics: test_loss: 6.474 ; test_true_loss: 5.065 ; test_group_ekd_loss: 0.927 ; test_group_dkd_loss: 0.251 ; test_contrastive_loss: 2.303 ; test_accTop1_target: 92.118 ; time: 3.184 ; test_acc_target: 92.118 ; test_acc_aux1: 91.733 ; test_acc_aux2: 92.524 ; test_acc_aux3: 92.435 ; test_accTop1_afm0: 92.118 ; test_accTop1_afm1: 92.118 ; test_accTop1_afm2: 92.128
2025-10-26 00:24:52,305:INFO: Epoch 172/300
2025-10-26 00:25:19,327:INFO: - Train metrics: train_loss: 7.051 ; train_true_loss: 4.559 ; train_group_ekd_loss: 1.766 ; train_group_dkd_loss: 0.496 ; train_contrastive_loss: 2.303 ; train_accTop1_target: 96.157 ; time: 27.022 ; train_acc_target: 96.157 ; train_acc_aux1: 96.312 ; train_acc_aux2: 96.856 ; train_acc_aux3: 96.984 ; train_acc_afm0: 96.165 ; train_acc_afm1: 96.165 ; train_acc_afm2: 96.167
2025-10-26 00:25:22,543:INFO: - Test metrics: test_loss: 6.505 ; test_true_loss: 5.040 ; test_group_ekd_loss: 0.952 ; test_group_dkd_loss: 0.283 ; test_contrastive_loss: 2.303 ; test_accTop1_target: 91.564 ; time: 3.213 ; test_acc_target: 91.564 ; test_acc_aux1: 92.019 ; test_acc_aux2: 92.247 ; test_acc_aux3: 92.455 ; test_accTop1_afm0: 91.564 ; test_accTop1_afm1: 91.564 ; test_accTop1_afm2: 91.584
2025-10-26 00:25:22,596:INFO: Epoch 173/300
2025-10-26 00:25:48,923:INFO: - Train metrics: train_loss: 7.117 ; train_true_loss: 4.618 ; train_group_ekd_loss: 1.767 ; train_group_dkd_loss: 0.502 ; train_contrastive_loss: 2.303 ; train_accTop1_target: 96.105 ; time: 26.325 ; train_acc_target: 96.105 ; train_acc_aux1: 96.190 ; train_acc_aux2: 96.848 ; train_acc_aux3: 96.947 ; train_acc_afm0: 96.107 ; train_acc_afm1: 96.107 ; train_acc_afm2: 96.111
2025-10-26 00:25:52,100:INFO: - Test metrics: test_loss: 6.536 ; test_true_loss: 5.061 ; test_group_ekd_loss: 0.958 ; test_group_dkd_loss: 0.287 ; test_contrastive_loss: 2.303 ; test_accTop1_target: 91.772 ; time: 3.175 ; test_acc_target: 91.772 ; test_acc_aux1: 91.970 ; test_acc_aux2: 92.257 ; test_acc_aux3: 92.000 ; test_accTop1_afm0: 91.772 ; test_accTop1_afm1: 91.772 ; test_accTop1_afm2: 91.772
2025-10-26 00:25:52,152:INFO: Epoch 174/300
2025-10-26 00:26:18,948:INFO: - Train metrics: train_loss: 7.110 ; train_true_loss: 4.611 ; train_group_ekd_loss: 1.766 ; train_group_dkd_loss: 0.503 ; train_contrastive_loss: 2.303 ; train_accTop1_target: 96.164 ; time: 26.795 ; train_acc_target: 96.164 ; train_acc_aux1: 96.174 ; train_acc_aux2: 96.863 ; train_acc_aux3: 96.907 ; train_acc_afm0: 96.170 ; train_acc_afm1: 96.176 ; train_acc_afm2: 96.172
2025-10-26 00:26:22,135:INFO: - Test metrics: test_loss: 6.586 ; test_true_loss: 5.128 ; test_group_ekd_loss: 0.926 ; test_group_dkd_loss: 0.301 ; test_contrastive_loss: 2.303 ; test_accTop1_target: 91.693 ; time: 3.185 ; test_acc_target: 91.693 ; test_acc_aux1: 91.950 ; test_acc_aux2: 92.178 ; test_acc_aux3: 91.802 ; test_accTop1_afm0: 91.693 ; test_accTop1_afm1: 91.693 ; test_accTop1_afm2: 91.713
2025-10-26 00:26:22,192:INFO: Epoch 175/300
2025-10-26 00:26:48,385:INFO: - Train metrics: train_loss: 7.131 ; train_true_loss: 4.624 ; train_group_ekd_loss: 1.771 ; train_group_dkd_loss: 0.505 ; train_contrastive_loss: 2.303 ; train_accTop1_target: 96.193 ; time: 26.192 ; train_acc_target: 96.193 ; train_acc_aux1: 96.209 ; train_acc_aux2: 96.851 ; train_acc_aux3: 96.913 ; train_acc_afm0: 96.197 ; train_acc_afm1: 96.197 ; train_acc_afm2: 96.203
2025-10-26 00:26:51,666:INFO: - Test metrics: test_loss: 6.690 ; test_true_loss: 5.248 ; test_group_ekd_loss: 0.914 ; test_group_dkd_loss: 0.298 ; test_contrastive_loss: 2.303 ; test_accTop1_target: 91.179 ; time: 3.279 ; test_acc_target: 91.179 ; test_acc_aux1: 91.129 ; test_acc_aux2: 92.277 ; test_acc_aux3: 92.366 ; test_accTop1_afm0: 91.199 ; test_accTop1_afm1: 91.199 ; test_accTop1_afm2: 91.189
2025-10-26 00:26:51,717:INFO: Epoch 176/300
2025-10-26 00:27:18,622:INFO: - Train metrics: train_loss: 7.155 ; train_true_loss: 4.648 ; train_group_ekd_loss: 1.773 ; train_group_dkd_loss: 0.505 ; train_contrastive_loss: 2.303 ; train_accTop1_target: 96.235 ; time: 26.903 ; train_acc_target: 96.235 ; train_acc_aux1: 96.247 ; train_acc_aux2: 96.927 ; train_acc_aux3: 96.805 ; train_acc_afm0: 96.237 ; train_acc_afm1: 96.239 ; train_acc_afm2: 96.241
2025-10-26 00:27:21,792:INFO: - Test metrics: test_loss: 6.618 ; test_true_loss: 5.201 ; test_group_ekd_loss: 0.903 ; test_group_dkd_loss: 0.284 ; test_contrastive_loss: 2.303 ; test_accTop1_target: 91.624 ; time: 3.168 ; test_acc_target: 91.624 ; test_acc_aux1: 92.029 ; test_acc_aux2: 91.752 ; test_acc_aux3: 92.464 ; test_accTop1_afm0: 91.624 ; test_accTop1_afm1: 91.624 ; test_accTop1_afm2: 91.634
2025-10-26 00:27:21,844:INFO: Epoch 177/300
2025-10-26 00:27:48,716:INFO: - Train metrics: train_loss: 7.181 ; train_true_loss: 4.669 ; train_group_ekd_loss: 1.775 ; train_group_dkd_loss: 0.507 ; train_contrastive_loss: 2.303 ; train_accTop1_target: 96.205 ; time: 26.871 ; train_acc_target: 96.205 ; train_acc_aux1: 96.281 ; train_acc_aux2: 96.821 ; train_acc_aux3: 96.841 ; train_acc_afm0: 96.219 ; train_acc_afm1: 96.221 ; train_acc_afm2: 96.229
2025-10-26 00:27:52,055:INFO: - Test metrics: test_loss: 6.734 ; test_true_loss: 5.270 ; test_group_ekd_loss: 0.939 ; test_group_dkd_loss: 0.295 ; test_contrastive_loss: 2.303 ; test_accTop1_target: 90.585 ; time: 3.337 ; test_acc_target: 90.585 ; test_acc_aux1: 90.902 ; test_acc_aux2: 91.189 ; test_acc_aux3: 91.594 ; test_accTop1_afm0: 90.605 ; test_accTop1_afm1: 90.605 ; test_accTop1_afm2: 90.625
2025-10-26 00:27:52,107:INFO: Epoch 178/300
2025-10-26 00:28:18,231:INFO: - Train metrics: train_loss: 7.222 ; train_true_loss: 4.702 ; train_group_ekd_loss: 1.785 ; train_group_dkd_loss: 0.504 ; train_contrastive_loss: 2.303 ; train_accTop1_target: 96.291 ; time: 26.123 ; train_acc_target: 96.291 ; train_acc_aux1: 96.321 ; train_acc_aux2: 96.863 ; train_acc_aux3: 96.796 ; train_acc_afm0: 96.303 ; train_acc_afm1: 96.303 ; train_acc_afm2: 96.309
2025-10-26 00:28:21,397:INFO: - Test metrics: test_loss: 6.702 ; test_true_loss: 5.252 ; test_group_ekd_loss: 0.928 ; test_group_dkd_loss: 0.292 ; test_contrastive_loss: 2.303 ; test_accTop1_target: 91.406 ; time: 3.164 ; test_acc_target: 91.406 ; test_acc_aux1: 91.258 ; test_acc_aux2: 92.069 ; test_acc_aux3: 91.624 ; test_accTop1_afm0: 91.396 ; test_accTop1_afm1: 91.406 ; test_accTop1_afm2: 91.426
2025-10-26 00:28:21,456:INFO: Epoch 179/300
2025-10-26 00:28:48,733:INFO: - Train metrics: train_loss: 7.225 ; train_true_loss: 4.703 ; train_group_ekd_loss: 1.779 ; train_group_dkd_loss: 0.513 ; train_contrastive_loss: 2.303 ; train_accTop1_target: 96.264 ; time: 27.276 ; train_acc_target: 96.264 ; train_acc_aux1: 96.241 ; train_acc_aux2: 96.849 ; train_acc_aux3: 96.929 ; train_acc_afm0: 96.270 ; train_acc_afm1: 96.276 ; train_acc_afm2: 96.280
2025-10-26 00:28:51,922:INFO: - Test metrics: test_loss: 7.008 ; test_true_loss: 5.551 ; test_group_ekd_loss: 0.922 ; test_group_dkd_loss: 0.305 ; test_contrastive_loss: 2.303 ; test_accTop1_target: 89.082 ; time: 3.187 ; test_acc_target: 89.082 ; test_acc_aux1: 90.585 ; test_acc_aux2: 90.694 ; test_acc_aux3: 90.170 ; test_accTop1_afm0: 89.082 ; test_accTop1_afm1: 89.082 ; test_accTop1_afm2: 89.092
2025-10-26 00:28:51,981:INFO: Epoch 180/300
2025-10-26 00:29:18,149:INFO: - Train metrics: train_loss: 7.253 ; train_true_loss: 4.729 ; train_group_ekd_loss: 1.783 ; train_group_dkd_loss: 0.511 ; train_contrastive_loss: 2.303 ; train_accTop1_target: 96.210 ; time: 26.166 ; train_acc_target: 96.210 ; train_acc_aux1: 96.106 ; train_acc_aux2: 96.795 ; train_acc_aux3: 96.803 ; train_acc_afm0: 96.212 ; train_acc_afm1: 96.216 ; train_acc_afm2: 96.212
2025-10-26 00:29:21,332:INFO: - Test metrics: test_loss: 6.755 ; test_true_loss: 5.283 ; test_group_ekd_loss: 0.944 ; test_group_dkd_loss: 0.298 ; test_contrastive_loss: 2.303 ; test_accTop1_target: 90.932 ; time: 3.181 ; test_acc_target: 90.932 ; test_acc_aux1: 91.673 ; test_acc_aux2: 91.396 ; test_acc_aux3: 91.525 ; test_accTop1_afm0: 90.941 ; test_accTop1_afm1: 90.951 ; test_accTop1_afm2: 90.941
2025-10-26 00:29:21,392:INFO: Epoch 181/300
2025-10-26 00:29:48,694:INFO: - Train metrics: train_loss: 7.297 ; train_true_loss: 4.769 ; train_group_ekd_loss: 1.788 ; train_group_dkd_loss: 0.509 ; train_contrastive_loss: 2.303 ; train_accTop1_target: 96.151 ; time: 27.300 ; train_acc_target: 96.151 ; train_acc_aux1: 96.236 ; train_acc_aux2: 96.821 ; train_acc_aux3: 96.901 ; train_acc_afm0: 96.157 ; train_acc_afm1: 96.159 ; train_acc_afm2: 96.171
2025-10-26 00:29:51,866:INFO: - Test metrics: test_loss: 6.748 ; test_true_loss: 5.297 ; test_group_ekd_loss: 0.933 ; test_group_dkd_loss: 0.288 ; test_contrastive_loss: 2.303 ; test_accTop1_target: 91.673 ; time: 3.170 ; test_acc_target: 91.673 ; test_acc_aux1: 91.822 ; test_acc_aux2: 91.990 ; test_acc_aux3: 91.634 ; test_accTop1_afm0: 91.673 ; test_accTop1_afm1: 91.663 ; test_accTop1_afm2: 91.673
2025-10-26 00:29:51,918:INFO: Epoch 182/300
2025-10-26 00:30:18,325:INFO: - Train metrics: train_loss: 7.232 ; train_true_loss: 4.699 ; train_group_ekd_loss: 1.790 ; train_group_dkd_loss: 0.513 ; train_contrastive_loss: 2.303 ; train_accTop1_target: 96.397 ; time: 26.406 ; train_acc_target: 96.397 ; train_acc_aux1: 96.332 ; train_acc_aux2: 97.036 ; train_acc_aux3: 96.915 ; train_acc_afm0: 96.399 ; train_acc_afm1: 96.401 ; train_acc_afm2: 96.409
2025-10-26 00:30:21,677:INFO: - Test metrics: test_loss: 6.711 ; test_true_loss: 5.255 ; test_group_ekd_loss: 0.928 ; test_group_dkd_loss: 0.298 ; test_contrastive_loss: 2.303 ; test_accTop1_target: 91.713 ; time: 3.350 ; test_acc_target: 91.713 ; test_acc_aux1: 91.505 ; test_acc_aux2: 91.574 ; test_acc_aux3: 92.247 ; test_accTop1_afm0: 91.693 ; test_accTop1_afm1: 91.703 ; test_accTop1_afm2: 91.713
2025-10-26 00:30:21,734:INFO: Epoch 183/300
2025-10-26 00:30:48,676:INFO: - Train metrics: train_loss: 7.272 ; train_true_loss: 4.738 ; train_group_ekd_loss: 1.788 ; train_group_dkd_loss: 0.516 ; train_contrastive_loss: 2.303 ; train_accTop1_target: 96.224 ; time: 26.940 ; train_acc_target: 96.224 ; train_acc_aux1: 96.217 ; train_acc_aux2: 96.826 ; train_acc_aux3: 96.913 ; train_acc_afm0: 96.226 ; train_acc_afm1: 96.230 ; train_acc_afm2: 96.240
2025-10-26 00:30:51,857:INFO: - Test metrics: test_loss: 6.797 ; test_true_loss: 5.330 ; test_group_ekd_loss: 0.934 ; test_group_dkd_loss: 0.302 ; test_contrastive_loss: 2.303 ; test_accTop1_target: 91.297 ; time: 3.179 ; test_acc_target: 91.297 ; test_acc_aux1: 91.327 ; test_acc_aux2: 91.683 ; test_acc_aux3: 91.644 ; test_accTop1_afm0: 91.307 ; test_accTop1_afm1: 91.307 ; test_accTop1_afm2: 91.317
2025-10-26 00:30:51,915:INFO: Epoch 184/300
2025-10-26 00:31:18,664:INFO: - Train metrics: train_loss: 7.305 ; train_true_loss: 4.763 ; train_group_ekd_loss: 1.797 ; train_group_dkd_loss: 0.515 ; train_contrastive_loss: 2.303 ; train_accTop1_target: 96.324 ; time: 26.749 ; train_acc_target: 96.324 ; train_acc_aux1: 96.379 ; train_acc_aux2: 96.989 ; train_acc_aux3: 97.088 ; train_acc_afm0: 96.336 ; train_acc_afm1: 96.336 ; train_acc_afm2: 96.346
2025-10-26 00:31:21,933:INFO: - Test metrics: test_loss: 6.778 ; test_true_loss: 5.358 ; test_group_ekd_loss: 0.914 ; test_group_dkd_loss: 0.276 ; test_contrastive_loss: 2.303 ; test_accTop1_target: 91.911 ; time: 3.266 ; test_acc_target: 91.911 ; test_acc_aux1: 91.555 ; test_acc_aux2: 92.484 ; test_acc_aux3: 92.267 ; test_accTop1_afm0: 91.911 ; test_accTop1_afm1: 91.901 ; test_accTop1_afm2: 91.901
2025-10-26 00:31:21,986:INFO: Epoch 185/300
2025-10-26 00:31:48,222:INFO: - Train metrics: train_loss: 7.305 ; train_true_loss: 4.762 ; train_group_ekd_loss: 1.796 ; train_group_dkd_loss: 0.516 ; train_contrastive_loss: 2.303 ; train_accTop1_target: 96.213 ; time: 26.235 ; train_acc_target: 96.213 ; train_acc_aux1: 96.341 ; train_acc_aux2: 96.850 ; train_acc_aux3: 97.008 ; train_acc_afm0: 96.223 ; train_acc_afm1: 96.225 ; train_acc_afm2: 96.235
2025-10-26 00:31:51,392:INFO: - Test metrics: test_loss: 6.861 ; test_true_loss: 5.438 ; test_group_ekd_loss: 0.899 ; test_group_dkd_loss: 0.294 ; test_contrastive_loss: 2.303 ; test_accTop1_target: 91.139 ; time: 3.168 ; test_acc_target: 91.139 ; test_acc_aux1: 91.535 ; test_acc_aux2: 92.267 ; test_acc_aux3: 91.980 ; test_accTop1_afm0: 91.228 ; test_accTop1_afm1: 91.248 ; test_accTop1_afm2: 91.248
2025-10-26 00:31:51,446:INFO: Epoch 186/300
2025-10-26 00:32:18,475:INFO: - Train metrics: train_loss: 7.328 ; train_true_loss: 4.788 ; train_group_ekd_loss: 1.792 ; train_group_dkd_loss: 0.518 ; train_contrastive_loss: 2.303 ; train_accTop1_target: 96.152 ; time: 27.027 ; train_acc_target: 96.152 ; train_acc_aux1: 96.136 ; train_acc_aux2: 96.690 ; train_acc_aux3: 96.817 ; train_acc_afm0: 96.160 ; train_acc_afm1: 96.156 ; train_acc_afm2: 96.158
2025-10-26 00:32:21,654:INFO: - Test metrics: test_loss: 6.833 ; test_true_loss: 5.373 ; test_group_ekd_loss: 0.923 ; test_group_dkd_loss: 0.306 ; test_contrastive_loss: 2.303 ; test_accTop1_target: 91.406 ; time: 3.177 ; test_acc_target: 91.406 ; test_acc_aux1: 91.248 ; test_acc_aux2: 91.861 ; test_acc_aux3: 90.882 ; test_accTop1_afm0: 91.426 ; test_accTop1_afm1: 91.426 ; test_accTop1_afm2: 91.426
2025-10-26 00:32:21,708:INFO: Epoch 187/300
2025-10-26 00:32:47,827:INFO: - Train metrics: train_loss: 7.369 ; train_true_loss: 4.817 ; train_group_ekd_loss: 1.807 ; train_group_dkd_loss: 0.514 ; train_contrastive_loss: 2.303 ; train_accTop1_target: 96.431 ; time: 26.117 ; train_acc_target: 96.431 ; train_acc_aux1: 96.436 ; train_acc_aux2: 96.922 ; train_acc_aux3: 96.886 ; train_acc_afm0: 96.435 ; train_acc_afm1: 96.441 ; train_acc_afm2: 96.449
2025-10-26 00:32:51,103:INFO: - Test metrics: test_loss: 6.953 ; test_true_loss: 5.468 ; test_group_ekd_loss: 0.948 ; test_group_dkd_loss: 0.306 ; test_contrastive_loss: 2.303 ; test_accTop1_target: 90.754 ; time: 3.274 ; test_acc_target: 90.754 ; test_acc_aux1: 90.368 ; test_acc_aux2: 90.714 ; test_acc_aux3: 91.495 ; test_accTop1_afm0: 90.763 ; test_accTop1_afm1: 90.763 ; test_accTop1_afm2: 90.773
2025-10-26 00:32:51,163:INFO: Epoch 188/300
2025-10-26 00:33:17,682:INFO: - Train metrics: train_loss: 7.396 ; train_true_loss: 4.849 ; train_group_ekd_loss: 1.797 ; train_group_dkd_loss: 0.519 ; train_contrastive_loss: 2.303 ; train_accTop1_target: 96.077 ; time: 26.518 ; train_acc_target: 96.077 ; train_acc_aux1: 96.027 ; train_acc_aux2: 96.541 ; train_acc_aux3: 96.752 ; train_acc_afm0: 96.083 ; train_acc_afm1: 96.081 ; train_acc_afm2: 96.081
2025-10-26 00:33:20,878:INFO: - Test metrics: test_loss: 6.817 ; test_true_loss: 5.388 ; test_group_ekd_loss: 0.935 ; test_group_dkd_loss: 0.263 ; test_contrastive_loss: 2.303 ; test_accTop1_target: 91.703 ; time: 3.194 ; test_acc_target: 91.703 ; test_acc_aux1: 91.782 ; test_acc_aux2: 92.168 ; test_acc_aux3: 92.375 ; test_accTop1_afm0: 91.693 ; test_accTop1_afm1: 91.693 ; test_accTop1_afm2: 91.693
2025-10-26 00:33:20,933:INFO: Epoch 189/300
2025-10-26 00:33:47,242:INFO: - Train metrics: train_loss: 7.372 ; train_true_loss: 4.819 ; train_group_ekd_loss: 1.804 ; train_group_dkd_loss: 0.519 ; train_contrastive_loss: 2.303 ; train_accTop1_target: 96.281 ; time: 26.308 ; train_acc_target: 96.281 ; train_acc_aux1: 96.319 ; train_acc_aux2: 96.828 ; train_acc_aux3: 96.964 ; train_acc_afm0: 96.293 ; train_acc_afm1: 96.297 ; train_acc_afm2: 96.301
2025-10-26 00:33:50,496:INFO: - Test metrics: test_loss: 6.972 ; test_true_loss: 5.571 ; test_group_ekd_loss: 0.904 ; test_group_dkd_loss: 0.268 ; test_contrastive_loss: 2.303 ; test_accTop1_target: 90.951 ; time: 3.252 ; test_acc_target: 90.951 ; test_acc_aux1: 91.060 ; test_acc_aux2: 91.624 ; test_acc_aux3: 90.763 ; test_accTop1_afm0: 90.951 ; test_accTop1_afm1: 90.951 ; test_accTop1_afm2: 90.961
2025-10-26 00:33:50,548:INFO: Epoch 190/300
2025-10-26 00:34:16,919:INFO: - Train metrics: train_loss: 7.386 ; train_true_loss: 4.831 ; train_group_ekd_loss: 1.804 ; train_group_dkd_loss: 0.520 ; train_contrastive_loss: 2.303 ; train_accTop1_target: 96.240 ; time: 26.370 ; train_acc_target: 96.240 ; train_acc_aux1: 96.328 ; train_acc_aux2: 96.885 ; train_acc_aux3: 96.875 ; train_acc_afm0: 96.252 ; train_acc_afm1: 96.260 ; train_acc_afm2: 96.268
2025-10-26 00:34:20,104:INFO: - Test metrics: test_loss: 6.889 ; test_true_loss: 5.377 ; test_group_ekd_loss: 0.988 ; test_group_dkd_loss: 0.293 ; test_contrastive_loss: 2.303 ; test_accTop1_target: 91.080 ; time: 3.183 ; test_acc_target: 91.080 ; test_acc_aux1: 91.614 ; test_acc_aux2: 91.584 ; test_acc_aux3: 91.604 ; test_accTop1_afm0: 91.110 ; test_accTop1_afm1: 91.110 ; test_accTop1_afm2: 91.110
2025-10-26 00:34:20,161:INFO: Epoch 191/300
2025-10-26 00:34:47,096:INFO: - Train metrics: train_loss: 7.432 ; train_true_loss: 4.870 ; train_group_ekd_loss: 1.811 ; train_group_dkd_loss: 0.521 ; train_contrastive_loss: 2.303 ; train_accTop1_target: 96.318 ; time: 26.934 ; train_acc_target: 96.318 ; train_acc_aux1: 96.356 ; train_acc_aux2: 96.899 ; train_acc_aux3: 96.933 ; train_acc_afm0: 96.318 ; train_acc_afm1: 96.318 ; train_acc_afm2: 96.322
2025-10-26 00:34:50,339:INFO: - Test metrics: test_loss: 7.006 ; test_true_loss: 5.547 ; test_group_ekd_loss: 0.933 ; test_group_dkd_loss: 0.296 ; test_contrastive_loss: 2.303 ; test_accTop1_target: 90.526 ; time: 3.240 ; test_acc_target: 90.526 ; test_acc_aux1: 91.456 ; test_acc_aux2: 91.881 ; test_acc_aux3: 91.149 ; test_accTop1_afm0: 90.536 ; test_accTop1_afm1: 90.536 ; test_accTop1_afm2: 90.536
2025-10-26 00:34:50,406:INFO: Epoch 192/300
2025-10-26 00:35:16,730:INFO: - Train metrics: train_loss: 7.415 ; train_true_loss: 4.852 ; train_group_ekd_loss: 1.812 ; train_group_dkd_loss: 0.521 ; train_contrastive_loss: 2.303 ; train_accTop1_target: 96.210 ; time: 26.322 ; train_acc_target: 96.210 ; train_acc_aux1: 96.298 ; train_acc_aux2: 96.908 ; train_acc_aux3: 96.961 ; train_acc_afm0: 96.226 ; train_acc_afm1: 96.226 ; train_acc_afm2: 96.236
2025-10-26 00:35:19,897:INFO: - Test metrics: test_loss: 6.951 ; test_true_loss: 5.523 ; test_group_ekd_loss: 0.925 ; test_group_dkd_loss: 0.272 ; test_contrastive_loss: 2.303 ; test_accTop1_target: 91.169 ; time: 3.166 ; test_acc_target: 91.169 ; test_acc_aux1: 90.892 ; test_acc_aux2: 91.950 ; test_acc_aux3: 91.663 ; test_accTop1_afm0: 91.189 ; test_accTop1_afm1: 91.189 ; test_accTop1_afm2: 91.208
2025-10-26 00:35:19,957:INFO: Epoch 193/300
2025-10-26 00:35:47,216:INFO: - Train metrics: train_loss: 7.422 ; train_true_loss: 4.860 ; train_group_ekd_loss: 1.811 ; train_group_dkd_loss: 0.520 ; train_contrastive_loss: 2.303 ; train_accTop1_target: 96.251 ; time: 27.258 ; train_acc_target: 96.251 ; train_acc_aux1: 96.316 ; train_acc_aux2: 96.753 ; train_acc_aux3: 96.965 ; train_acc_afm0: 96.259 ; train_acc_afm1: 96.263 ; train_acc_afm2: 96.265
2025-10-26 00:35:50,392:INFO: - Test metrics: test_loss: 6.956 ; test_true_loss: 5.482 ; test_group_ekd_loss: 0.946 ; test_group_dkd_loss: 0.299 ; test_contrastive_loss: 2.303 ; test_accTop1_target: 91.218 ; time: 3.174 ; test_acc_target: 91.218 ; test_acc_aux1: 90.932 ; test_acc_aux2: 91.119 ; test_acc_aux3: 91.179 ; test_accTop1_afm0: 91.228 ; test_accTop1_afm1: 91.228 ; test_accTop1_afm2: 91.218
2025-10-26 00:35:50,453:INFO: Epoch 194/300
2025-10-26 00:36:16,617:INFO: - Train metrics: train_loss: 7.479 ; train_true_loss: 4.910 ; train_group_ekd_loss: 1.817 ; train_group_dkd_loss: 0.522 ; train_contrastive_loss: 2.303 ; train_accTop1_target: 96.123 ; time: 26.163 ; train_acc_target: 96.123 ; train_acc_aux1: 96.361 ; train_acc_aux2: 96.873 ; train_acc_aux3: 96.877 ; train_acc_afm0: 96.123 ; train_acc_afm1: 96.123 ; train_acc_afm2: 96.125
2025-10-26 00:36:19,903:INFO: - Test metrics: test_loss: 6.932 ; test_true_loss: 5.420 ; test_group_ekd_loss: 0.988 ; test_group_dkd_loss: 0.294 ; test_contrastive_loss: 2.303 ; test_accTop1_target: 91.436 ; time: 3.284 ; test_acc_target: 91.436 ; test_acc_aux1: 91.545 ; test_acc_aux2: 91.485 ; test_acc_aux3: 91.762 ; test_accTop1_afm0: 91.426 ; test_accTop1_afm1: 91.436 ; test_accTop1_afm2: 91.436
2025-10-26 00:36:19,959:INFO: Epoch 195/300
2025-10-26 00:36:46,779:INFO: - Train metrics: train_loss: 7.506 ; train_true_loss: 4.936 ; train_group_ekd_loss: 1.818 ; train_group_dkd_loss: 0.521 ; train_contrastive_loss: 2.303 ; train_accTop1_target: 96.192 ; time: 26.819 ; train_acc_target: 96.192 ; train_acc_aux1: 96.288 ; train_acc_aux2: 96.720 ; train_acc_aux3: 96.849 ; train_acc_afm0: 96.198 ; train_acc_afm1: 96.200 ; train_acc_afm2: 96.202
2025-10-26 00:36:49,951:INFO: - Test metrics: test_loss: 7.098 ; test_true_loss: 5.636 ; test_group_ekd_loss: 0.952 ; test_group_dkd_loss: 0.280 ; test_contrastive_loss: 2.303 ; test_accTop1_target: 90.437 ; time: 3.170 ; test_acc_target: 90.437 ; test_acc_aux1: 91.090 ; test_acc_aux2: 90.912 ; test_acc_aux3: 91.653 ; test_accTop1_afm0: 90.457 ; test_accTop1_afm1: 90.467 ; test_accTop1_afm2: 90.477
2025-10-26 00:36:50,001:INFO: Epoch 196/300
2025-10-26 00:37:16,895:INFO: - Train metrics: train_loss: 7.468 ; train_true_loss: 4.896 ; train_group_ekd_loss: 1.819 ; train_group_dkd_loss: 0.522 ; train_contrastive_loss: 2.303 ; train_accTop1_target: 96.344 ; time: 26.892 ; train_acc_target: 96.344 ; train_acc_aux1: 96.288 ; train_acc_aux2: 96.737 ; train_acc_aux3: 96.841 ; train_acc_afm0: 96.360 ; train_acc_afm1: 96.358 ; train_acc_afm2: 96.360
2025-10-26 00:37:20,175:INFO: - Test metrics: test_loss: 7.035 ; test_true_loss: 5.610 ; test_group_ekd_loss: 0.914 ; test_group_dkd_loss: 0.280 ; test_contrastive_loss: 2.303 ; test_accTop1_target: 90.763 ; time: 3.278 ; test_acc_target: 90.763 ; test_acc_aux1: 91.436 ; test_acc_aux2: 91.317 ; test_acc_aux3: 91.604 ; test_accTop1_afm0: 90.803 ; test_accTop1_afm1: 90.793 ; test_accTop1_afm2: 90.803
2025-10-26 00:37:20,227:INFO: Epoch 197/300
2025-10-26 00:37:46,593:INFO: - Train metrics: train_loss: 7.498 ; train_true_loss: 4.919 ; train_group_ekd_loss: 1.823 ; train_group_dkd_loss: 0.526 ; train_contrastive_loss: 2.303 ; train_accTop1_target: 96.222 ; time: 26.365 ; train_acc_target: 96.222 ; train_acc_aux1: 96.387 ; train_acc_aux2: 96.947 ; train_acc_aux3: 97.046 ; train_acc_afm0: 96.226 ; train_acc_afm1: 96.228 ; train_acc_afm2: 96.238
2025-10-26 00:37:49,767:INFO: - Test metrics: test_loss: 7.181 ; test_true_loss: 5.729 ; test_group_ekd_loss: 0.941 ; test_group_dkd_loss: 0.280 ; test_contrastive_loss: 2.303 ; test_accTop1_target: 90.042 ; time: 3.171 ; test_acc_target: 90.042 ; test_acc_aux1: 90.912 ; test_acc_aux2: 90.417 ; test_acc_aux3: 90.388 ; test_accTop1_afm0: 90.042 ; test_accTop1_afm1: 90.051 ; test_accTop1_afm2: 90.051
2025-10-26 00:37:49,829:INFO: Epoch 198/300
2025-10-26 00:38:16,546:INFO: - Train metrics: train_loss: 7.529 ; train_true_loss: 4.952 ; train_group_ekd_loss: 1.824 ; train_group_dkd_loss: 0.522 ; train_contrastive_loss: 2.303 ; train_accTop1_target: 96.246 ; time: 26.717 ; train_acc_target: 96.246 ; train_acc_aux1: 96.221 ; train_acc_aux2: 96.847 ; train_acc_aux3: 97.011 ; train_acc_afm0: 96.254 ; train_acc_afm1: 96.254 ; train_acc_afm2: 96.260
2025-10-26 00:38:19,853:INFO: - Test metrics: test_loss: 7.156 ; test_true_loss: 5.628 ; test_group_ekd_loss: 0.973 ; test_group_dkd_loss: 0.325 ; test_contrastive_loss: 2.303 ; test_accTop1_target: 90.032 ; time: 3.304 ; test_acc_target: 90.032 ; test_acc_aux1: 91.307 ; test_acc_aux2: 91.604 ; test_acc_aux3: 90.487 ; test_accTop1_afm0: 90.022 ; test_accTop1_afm1: 90.022 ; test_accTop1_afm2: 90.022
2025-10-26 00:38:19,910:INFO: Epoch 199/300
2025-10-26 00:38:46,147:INFO: - Train metrics: train_loss: 7.547 ; train_true_loss: 4.966 ; train_group_ekd_loss: 1.831 ; train_group_dkd_loss: 0.520 ; train_contrastive_loss: 2.303 ; train_accTop1_target: 96.415 ; time: 26.236 ; train_acc_target: 96.415 ; train_acc_aux1: 96.323 ; train_acc_aux2: 96.838 ; train_acc_aux3: 97.007 ; train_acc_afm0: 96.421 ; train_acc_afm1: 96.423 ; train_acc_afm2: 96.437
2025-10-26 00:38:49,353:INFO: - Test metrics: test_loss: 6.957 ; test_true_loss: 5.435 ; test_group_ekd_loss: 0.990 ; test_group_dkd_loss: 0.302 ; test_contrastive_loss: 2.303 ; test_accTop1_target: 91.851 ; time: 3.204 ; test_acc_target: 91.851 ; test_acc_aux1: 91.614 ; test_acc_aux2: 91.782 ; test_acc_aux3: 91.733 ; test_accTop1_afm0: 91.851 ; test_accTop1_afm1: 91.861 ; test_accTop1_afm2: 91.881
2025-10-26 00:38:49,409:INFO: Epoch 200/300
2025-10-26 00:39:16,732:INFO: - Train metrics: train_loss: 7.531 ; train_true_loss: 4.948 ; train_group_ekd_loss: 1.828 ; train_group_dkd_loss: 0.523 ; train_contrastive_loss: 2.303 ; train_accTop1_target: 96.355 ; time: 27.322 ; train_acc_target: 96.355 ; train_acc_aux1: 96.385 ; train_acc_aux2: 96.891 ; train_acc_aux3: 96.969 ; train_acc_afm0: 96.359 ; train_acc_afm1: 96.361 ; train_acc_afm2: 96.363
2025-10-26 00:39:19,901:INFO: - Test metrics: test_loss: 7.081 ; test_true_loss: 5.570 ; test_group_ekd_loss: 0.979 ; test_group_dkd_loss: 0.302 ; test_contrastive_loss: 2.303 ; test_accTop1_target: 90.852 ; time: 3.168 ; test_acc_target: 90.852 ; test_acc_aux1: 91.110 ; test_acc_aux2: 91.752 ; test_acc_aux3: 90.813 ; test_accTop1_afm0: 90.872 ; test_accTop1_afm1: 90.882 ; test_accTop1_afm2: 90.872
2025-10-26 00:39:19,959:INFO: Epoch 201/300
2025-10-26 00:39:46,161:INFO: - Train metrics: train_loss: 7.558 ; train_true_loss: 4.973 ; train_group_ekd_loss: 1.828 ; train_group_dkd_loss: 0.527 ; train_contrastive_loss: 2.303 ; train_accTop1_target: 96.199 ; time: 26.200 ; train_acc_target: 96.199 ; train_acc_aux1: 96.271 ; train_acc_aux2: 96.807 ; train_acc_aux3: 96.917 ; train_acc_afm0: 96.199 ; train_acc_afm1: 96.201 ; train_acc_afm2: 96.205
2025-10-26 00:39:49,348:INFO: - Test metrics: test_loss: 7.052 ; test_true_loss: 5.574 ; test_group_ekd_loss: 0.937 ; test_group_dkd_loss: 0.311 ; test_contrastive_loss: 2.303 ; test_accTop1_target: 91.110 ; time: 3.185 ; test_acc_target: 91.110 ; test_acc_aux1: 91.386 ; test_acc_aux2: 92.019 ; test_acc_aux3: 91.634 ; test_accTop1_afm0: 91.110 ; test_accTop1_afm1: 91.110 ; test_accTop1_afm2: 91.119
2025-10-26 00:39:49,399:INFO: Epoch 202/300
2025-10-26 00:40:16,930:INFO: - Train metrics: train_loss: 7.570 ; train_true_loss: 4.984 ; train_group_ekd_loss: 1.832 ; train_group_dkd_loss: 0.524 ; train_contrastive_loss: 2.303 ; train_accTop1_target: 96.242 ; time: 27.530 ; train_acc_target: 96.242 ; train_acc_aux1: 96.399 ; train_acc_aux2: 96.851 ; train_acc_aux3: 97.035 ; train_acc_afm0: 96.248 ; train_acc_afm1: 96.250 ; train_acc_afm2: 96.263
2025-10-26 00:40:20,099:INFO: - Test metrics: test_loss: 7.102 ; test_true_loss: 5.582 ; test_group_ekd_loss: 0.976 ; test_group_dkd_loss: 0.314 ; test_contrastive_loss: 2.303 ; test_accTop1_target: 90.902 ; time: 3.167 ; test_acc_target: 90.902 ; test_acc_aux1: 91.466 ; test_acc_aux2: 91.644 ; test_acc_aux3: 91.812 ; test_accTop1_afm0: 90.912 ; test_accTop1_afm1: 90.922 ; test_accTop1_afm2: 90.932
2025-10-26 00:40:20,152:INFO: Epoch 203/300
2025-10-26 00:40:46,424:INFO: - Train metrics: train_loss: 7.572 ; train_true_loss: 4.982 ; train_group_ekd_loss: 1.835 ; train_group_dkd_loss: 0.525 ; train_contrastive_loss: 2.303 ; train_accTop1_target: 96.355 ; time: 26.271 ; train_acc_target: 96.355 ; train_acc_aux1: 96.347 ; train_acc_aux2: 96.904 ; train_acc_aux3: 96.963 ; train_acc_afm0: 96.365 ; train_acc_afm1: 96.367 ; train_acc_afm2: 96.369
2025-10-26 00:40:49,746:INFO: - Test metrics: test_loss: 7.034 ; test_true_loss: 5.592 ; test_group_ekd_loss: 0.942 ; test_group_dkd_loss: 0.269 ; test_contrastive_loss: 2.303 ; test_accTop1_target: 91.930 ; time: 3.320 ; test_acc_target: 91.930 ; test_acc_aux1: 92.009 ; test_acc_aux2: 91.693 ; test_acc_aux3: 92.494 ; test_accTop1_afm0: 91.930 ; test_accTop1_afm1: 91.930 ; test_accTop1_afm2: 91.930
2025-10-26 00:40:49,800:INFO: Epoch 204/300
2025-10-26 00:41:16,100:INFO: - Train metrics: train_loss: 7.557 ; train_true_loss: 4.965 ; train_group_ekd_loss: 1.837 ; train_group_dkd_loss: 0.525 ; train_contrastive_loss: 2.303 ; train_accTop1_target: 96.346 ; time: 26.300 ; train_acc_target: 96.346 ; train_acc_aux1: 96.304 ; train_acc_aux2: 96.925 ; train_acc_aux3: 96.866 ; train_acc_afm0: 96.356 ; train_acc_afm1: 96.358 ; train_acc_afm2: 96.364
2025-10-26 00:41:19,266:INFO: - Test metrics: test_loss: 7.119 ; test_true_loss: 5.661 ; test_group_ekd_loss: 0.934 ; test_group_dkd_loss: 0.294 ; test_contrastive_loss: 2.303 ; test_accTop1_target: 91.169 ; time: 3.164 ; test_acc_target: 91.169 ; test_acc_aux1: 91.653 ; test_acc_aux2: 90.754 ; test_acc_aux3: 90.309 ; test_accTop1_afm0: 91.189 ; test_accTop1_afm1: 91.189 ; test_accTop1_afm2: 91.199
2025-10-26 00:41:19,323:INFO: Epoch 205/300
2025-10-26 00:41:45,888:INFO: - Train metrics: train_loss: 7.600 ; train_true_loss: 5.010 ; train_group_ekd_loss: 1.836 ; train_group_dkd_loss: 0.524 ; train_contrastive_loss: 2.303 ; train_accTop1_target: 96.176 ; time: 26.564 ; train_acc_target: 96.176 ; train_acc_aux1: 96.367 ; train_acc_aux2: 96.811 ; train_acc_aux3: 96.922 ; train_acc_afm0: 96.182 ; train_acc_afm1: 96.186 ; train_acc_afm2: 96.188
2025-10-26 00:41:49,730:INFO: - Test metrics: test_loss: 7.005 ; test_true_loss: 5.504 ; test_group_ekd_loss: 0.954 ; test_group_dkd_loss: 0.317 ; test_contrastive_loss: 2.303 ; test_accTop1_target: 91.436 ; time: 3.839 ; test_acc_target: 91.436 ; test_acc_aux1: 91.822 ; test_acc_aux2: 92.168 ; test_acc_aux3: 92.029 ; test_accTop1_afm0: 91.436 ; test_accTop1_afm1: 91.436 ; test_accTop1_afm2: 91.525
2025-10-26 00:41:49,781:INFO: Epoch 206/300
2025-10-26 00:42:16,052:INFO: - Train metrics: train_loss: 7.660 ; train_true_loss: 5.059 ; train_group_ekd_loss: 1.845 ; train_group_dkd_loss: 0.525 ; train_contrastive_loss: 2.303 ; train_accTop1_target: 96.353 ; time: 26.270 ; train_acc_target: 96.353 ; train_acc_aux1: 96.434 ; train_acc_aux2: 96.950 ; train_acc_aux3: 97.052 ; train_acc_afm0: 96.367 ; train_acc_afm1: 96.367 ; train_acc_afm2: 96.373
2025-10-26 00:42:19,258:INFO: - Test metrics: test_loss: 7.224 ; test_true_loss: 5.775 ; test_group_ekd_loss: 0.914 ; test_group_dkd_loss: 0.305 ; test_contrastive_loss: 2.303 ; test_accTop1_target: 91.703 ; time: 3.203 ; test_acc_target: 91.703 ; test_acc_aux1: 90.467 ; test_acc_aux2: 91.090 ; test_acc_aux3: 91.535 ; test_accTop1_afm0: 91.723 ; test_accTop1_afm1: 91.713 ; test_accTop1_afm2: 91.723
2025-10-26 00:42:19,313:INFO: Epoch 207/300
2025-10-26 00:42:46,421:INFO: - Train metrics: train_loss: 7.617 ; train_true_loss: 5.023 ; train_group_ekd_loss: 1.837 ; train_group_dkd_loss: 0.526 ; train_contrastive_loss: 2.303 ; train_accTop1_target: 96.294 ; time: 27.107 ; train_acc_target: 96.294 ; train_acc_aux1: 96.316 ; train_acc_aux2: 96.819 ; train_acc_aux3: 96.890 ; train_acc_afm0: 96.298 ; train_acc_afm1: 96.302 ; train_acc_afm2: 96.314
2025-10-26 00:42:49,655:INFO: - Test metrics: test_loss: 7.013 ; test_true_loss: 5.522 ; test_group_ekd_loss: 0.963 ; test_group_dkd_loss: 0.298 ; test_contrastive_loss: 2.303 ; test_accTop1_target: 91.841 ; time: 3.231 ; test_acc_target: 91.841 ; test_acc_aux1: 91.634 ; test_acc_aux2: 92.346 ; test_acc_aux3: 91.901 ; test_accTop1_afm0: 91.831 ; test_accTop1_afm1: 91.831 ; test_accTop1_afm2: 91.831
2025-10-26 00:42:49,709:INFO: Epoch 208/300
2025-10-26 00:43:15,995:INFO: - Train metrics: train_loss: 7.622 ; train_true_loss: 5.024 ; train_group_ekd_loss: 1.841 ; train_group_dkd_loss: 0.526 ; train_contrastive_loss: 2.303 ; train_accTop1_target: 96.280 ; time: 26.285 ; train_acc_target: 96.280 ; train_acc_aux1: 96.303 ; train_acc_aux2: 96.781 ; train_acc_aux3: 96.921 ; train_acc_afm0: 96.290 ; train_acc_afm1: 96.290 ; train_acc_afm2: 96.296
2025-10-26 00:43:19,164:INFO: - Test metrics: test_loss: 7.038 ; test_true_loss: 5.516 ; test_group_ekd_loss: 0.999 ; test_group_dkd_loss: 0.293 ; test_contrastive_loss: 2.303 ; test_accTop1_target: 91.851 ; time: 3.167 ; test_acc_target: 91.851 ; test_acc_aux1: 92.049 ; test_acc_aux2: 91.851 ; test_acc_aux3: 92.009 ; test_accTop1_afm0: 91.881 ; test_accTop1_afm1: 91.881 ; test_accTop1_afm2: 91.881
2025-10-26 00:43:19,230:INFO: Epoch 209/300
2025-10-26 00:43:45,992:INFO: - Train metrics: train_loss: 7.636 ; train_true_loss: 5.030 ; train_group_ekd_loss: 1.854 ; train_group_dkd_loss: 0.522 ; train_contrastive_loss: 2.303 ; train_accTop1_target: 96.432 ; time: 26.761 ; train_acc_target: 96.432 ; train_acc_aux1: 96.428 ; train_acc_aux2: 96.875 ; train_acc_aux3: 97.058 ; train_acc_afm0: 96.446 ; train_acc_afm1: 96.448 ; train_acc_afm2: 96.454
2025-10-26 00:43:49,180:INFO: - Test metrics: test_loss: 7.296 ; test_true_loss: 5.797 ; test_group_ekd_loss: 0.960 ; test_group_dkd_loss: 0.309 ; test_contrastive_loss: 2.303 ; test_accTop1_target: 90.348 ; time: 3.186 ; test_acc_target: 90.348 ; test_acc_aux1: 90.378 ; test_acc_aux2: 90.823 ; test_acc_aux3: 90.536 ; test_accTop1_afm0: 90.378 ; test_accTop1_afm1: 90.368 ; test_accTop1_afm2: 90.398
2025-10-26 00:43:49,237:INFO: Epoch 210/300
2025-10-26 00:44:15,464:INFO: - Train metrics: train_loss: 7.626 ; train_true_loss: 5.021 ; train_group_ekd_loss: 1.845 ; train_group_dkd_loss: 0.529 ; train_contrastive_loss: 2.303 ; train_accTop1_target: 96.430 ; time: 26.226 ; train_acc_target: 96.430 ; train_acc_aux1: 96.465 ; train_acc_aux2: 96.994 ; train_acc_aux3: 97.078 ; train_acc_afm0: 96.438 ; train_acc_afm1: 96.438 ; train_acc_afm2: 96.446
2025-10-26 00:44:18,635:INFO: - Test metrics: test_loss: 7.091 ; test_true_loss: 5.630 ; test_group_ekd_loss: 0.937 ; test_group_dkd_loss: 0.294 ; test_contrastive_loss: 2.303 ; test_accTop1_target: 91.980 ; time: 3.168 ; test_acc_target: 91.980 ; test_acc_aux1: 91.456 ; test_acc_aux2: 91.980 ; test_acc_aux3: 91.297 ; test_accTop1_afm0: 91.990 ; test_accTop1_afm1: 91.990 ; test_accTop1_afm2: 92.009
2025-10-26 00:44:18,690:INFO: Epoch 211/300
2025-10-26 00:44:46,114:INFO: - Train metrics: train_loss: 7.654 ; train_true_loss: 5.049 ; train_group_ekd_loss: 1.846 ; train_group_dkd_loss: 0.529 ; train_contrastive_loss: 2.303 ; train_accTop1_target: 96.186 ; time: 27.422 ; train_acc_target: 96.186 ; train_acc_aux1: 96.506 ; train_acc_aux2: 97.118 ; train_acc_aux3: 96.999 ; train_acc_afm0: 96.206 ; train_acc_afm1: 96.208 ; train_acc_afm2: 96.218
2025-10-26 00:44:49,289:INFO: - Test metrics: test_loss: 7.177 ; test_true_loss: 5.697 ; test_group_ekd_loss: 0.953 ; test_group_dkd_loss: 0.296 ; test_contrastive_loss: 2.303 ; test_accTop1_target: 91.723 ; time: 3.172 ; test_acc_target: 91.723 ; test_acc_aux1: 91.011 ; test_acc_aux2: 91.426 ; test_acc_aux3: 90.398 ; test_accTop1_afm0: 91.723 ; test_accTop1_afm1: 91.733 ; test_accTop1_afm2: 91.733
2025-10-26 00:44:49,347:INFO: Epoch 212/300
2025-10-26 00:45:15,754:INFO: - Train metrics: train_loss: 7.636 ; train_true_loss: 5.035 ; train_group_ekd_loss: 1.847 ; train_group_dkd_loss: 0.524 ; train_contrastive_loss: 2.303 ; train_accTop1_target: 96.310 ; time: 26.407 ; train_acc_target: 96.310 ; train_acc_aux1: 96.331 ; train_acc_aux2: 96.874 ; train_acc_aux3: 96.967 ; train_acc_afm0: 96.312 ; train_acc_afm1: 96.318 ; train_acc_afm2: 96.318
2025-10-26 00:45:19,047:INFO: - Test metrics: test_loss: 7.224 ; test_true_loss: 5.713 ; test_group_ekd_loss: 0.982 ; test_group_dkd_loss: 0.298 ; test_contrastive_loss: 2.303 ; test_accTop1_target: 90.506 ; time: 3.290 ; test_acc_target: 90.506 ; test_acc_aux1: 91.663 ; test_acc_aux2: 90.665 ; test_acc_aux3: 90.971 ; test_accTop1_afm0: 90.516 ; test_accTop1_afm1: 90.516 ; test_accTop1_afm2: 90.516
2025-10-26 00:45:19,100:INFO: Epoch 213/300
2025-10-26 00:45:45,833:INFO: - Train metrics: train_loss: 7.673 ; train_true_loss: 5.064 ; train_group_ekd_loss: 1.849 ; train_group_dkd_loss: 0.529 ; train_contrastive_loss: 2.303 ; train_accTop1_target: 96.341 ; time: 26.732 ; train_acc_target: 96.341 ; train_acc_aux1: 96.432 ; train_acc_aux2: 96.859 ; train_acc_aux3: 96.971 ; train_acc_afm0: 96.345 ; train_acc_afm1: 96.347 ; train_acc_afm2: 96.353
2025-10-26 00:45:49,045:INFO: - Test metrics: test_loss: 7.125 ; test_true_loss: 5.613 ; test_group_ekd_loss: 0.997 ; test_group_dkd_loss: 0.284 ; test_contrastive_loss: 2.303 ; test_accTop1_target: 91.574 ; time: 3.210 ; test_acc_target: 91.574 ; test_acc_aux1: 91.723 ; test_acc_aux2: 90.813 ; test_acc_aux3: 91.436 ; test_accTop1_afm0: 91.594 ; test_accTop1_afm1: 91.594 ; test_accTop1_afm2: 91.604
2025-10-26 00:45:49,139:INFO: Epoch 214/300
2025-10-26 00:46:15,431:INFO: - Train metrics: train_loss: 7.707 ; train_true_loss: 5.098 ; train_group_ekd_loss: 1.851 ; train_group_dkd_loss: 0.528 ; train_contrastive_loss: 2.303 ; train_accTop1_target: 96.308 ; time: 26.290 ; train_acc_target: 96.308 ; train_acc_aux1: 96.402 ; train_acc_aux2: 96.957 ; train_acc_aux3: 96.908 ; train_acc_afm0: 96.326 ; train_acc_afm1: 96.330 ; train_acc_afm2: 96.336
2025-10-26 00:46:18,647:INFO: - Test metrics: test_loss: 7.231 ; test_true_loss: 5.700 ; test_group_ekd_loss: 0.980 ; test_group_dkd_loss: 0.320 ; test_contrastive_loss: 2.303 ; test_accTop1_target: 90.872 ; time: 3.214 ; test_acc_target: 90.872 ; test_acc_aux1: 91.258 ; test_acc_aux2: 91.475 ; test_acc_aux3: 91.347 ; test_accTop1_afm0: 90.902 ; test_accTop1_afm1: 90.902 ; test_accTop1_afm2: 90.902
2025-10-26 00:46:18,699:INFO: Epoch 215/300
2025-10-26 00:46:45,093:INFO: - Train metrics: train_loss: 7.713 ; train_true_loss: 5.101 ; train_group_ekd_loss: 1.857 ; train_group_dkd_loss: 0.526 ; train_contrastive_loss: 2.303 ; train_accTop1_target: 96.482 ; time: 26.393 ; train_acc_target: 96.482 ; train_acc_aux1: 96.417 ; train_acc_aux2: 96.941 ; train_acc_aux3: 97.043 ; train_acc_afm0: 96.518 ; train_acc_afm1: 96.522 ; train_acc_afm2: 96.534
2025-10-26 00:46:48,298:INFO: - Test metrics: test_loss: 7.074 ; test_true_loss: 5.551 ; test_group_ekd_loss: 0.994 ; test_group_dkd_loss: 0.300 ; test_contrastive_loss: 2.303 ; test_accTop1_target: 91.930 ; time: 3.203 ; test_acc_target: 91.930 ; test_acc_aux1: 91.644 ; test_acc_aux2: 92.405 ; test_acc_aux3: 92.168 ; test_accTop1_afm0: 91.940 ; test_accTop1_afm1: 91.960 ; test_accTop1_afm2: 91.970
2025-10-26 00:46:48,353:INFO: Epoch 216/300
2025-10-26 00:47:15,692:INFO: - Train metrics: train_loss: 7.730 ; train_true_loss: 5.118 ; train_group_ekd_loss: 1.853 ; train_group_dkd_loss: 0.528 ; train_contrastive_loss: 2.303 ; train_accTop1_target: 96.271 ; time: 27.338 ; train_acc_target: 96.271 ; train_acc_aux1: 96.604 ; train_acc_aux2: 96.919 ; train_acc_aux3: 97.048 ; train_acc_afm0: 96.303 ; train_acc_afm1: 96.309 ; train_acc_afm2: 96.309
2025-10-26 00:47:18,921:INFO: - Test metrics: test_loss: 7.225 ; test_true_loss: 5.682 ; test_group_ekd_loss: 0.977 ; test_group_dkd_loss: 0.336 ; test_contrastive_loss: 2.303 ; test_accTop1_target: 90.467 ; time: 3.227 ; test_acc_target: 90.467 ; test_acc_aux1: 91.189 ; test_acc_aux2: 91.881 ; test_acc_aux3: 91.752 ; test_accTop1_afm0: 90.496 ; test_accTop1_afm1: 90.496 ; test_accTop1_afm2: 90.496
2025-10-26 00:47:18,973:INFO: Epoch 217/300
2025-10-26 00:47:45,226:INFO: - Train metrics: train_loss: 7.744 ; train_true_loss: 5.127 ; train_group_ekd_loss: 1.861 ; train_group_dkd_loss: 0.525 ; train_contrastive_loss: 2.303 ; train_accTop1_target: 96.477 ; time: 26.251 ; train_acc_target: 96.477 ; train_acc_aux1: 96.532 ; train_acc_aux2: 97.056 ; train_acc_aux3: 97.120 ; train_acc_afm0: 96.491 ; train_acc_afm1: 96.495 ; train_acc_afm2: 96.491
2025-10-26 00:47:48,422:INFO: - Test metrics: test_loss: 7.276 ; test_true_loss: 5.723 ; test_group_ekd_loss: 0.996 ; test_group_dkd_loss: 0.326 ; test_contrastive_loss: 2.303 ; test_accTop1_target: 91.070 ; time: 3.195 ; test_acc_target: 91.070 ; test_acc_aux1: 91.021 ; test_acc_aux2: 91.228 ; test_acc_aux3: 91.119 ; test_accTop1_afm0: 91.100 ; test_accTop1_afm1: 91.119 ; test_accTop1_afm2: 91.110
2025-10-26 00:47:48,477:INFO: Epoch 218/300
2025-10-26 00:48:15,654:INFO: - Train metrics: train_loss: 7.695 ; train_true_loss: 5.078 ; train_group_ekd_loss: 1.858 ; train_group_dkd_loss: 0.529 ; train_contrastive_loss: 2.303 ; train_accTop1_target: 96.459 ; time: 27.177 ; train_acc_target: 96.459 ; train_acc_aux1: 96.295 ; train_acc_aux2: 97.058 ; train_acc_aux3: 97.007 ; train_acc_afm0: 96.489 ; train_acc_afm1: 96.497 ; train_acc_afm2: 96.505
2025-10-26 00:48:18,891:INFO: - Test metrics: test_loss: 7.442 ; test_true_loss: 5.939 ; test_group_ekd_loss: 0.965 ; test_group_dkd_loss: 0.308 ; test_contrastive_loss: 2.303 ; test_accTop1_target: 89.300 ; time: 3.234 ; test_acc_target: 89.300 ; test_acc_aux1: 90.457 ; test_acc_aux2: 90.615 ; test_acc_aux3: 90.665 ; test_accTop1_afm0: 89.339 ; test_accTop1_afm1: 89.349 ; test_accTop1_afm2: 89.359
2025-10-26 00:48:18,958:INFO: Epoch 219/300
2025-10-26 00:48:45,077:INFO: - Train metrics: train_loss: 7.716 ; train_true_loss: 5.099 ; train_group_ekd_loss: 1.861 ; train_group_dkd_loss: 0.526 ; train_contrastive_loss: 2.303 ; train_accTop1_target: 96.401 ; time: 26.118 ; train_acc_target: 96.401 ; train_acc_aux1: 96.495 ; train_acc_aux2: 97.046 ; train_acc_aux3: 97.076 ; train_acc_afm0: 96.417 ; train_acc_afm1: 96.421 ; train_acc_afm2: 96.423
2025-10-26 00:48:48,275:INFO: - Test metrics: test_loss: 7.388 ; test_true_loss: 5.914 ; test_group_ekd_loss: 0.948 ; test_group_dkd_loss: 0.295 ; test_contrastive_loss: 2.303 ; test_accTop1_target: 90.388 ; time: 3.195 ; test_acc_target: 90.388 ; test_acc_aux1: 90.803 ; test_acc_aux2: 91.248 ; test_acc_aux3: 90.556 ; test_accTop1_afm0: 90.477 ; test_accTop1_afm1: 90.477 ; test_accTop1_afm2: 90.487
2025-10-26 00:48:48,326:INFO: Epoch 220/300
2025-10-26 00:49:15,605:INFO: - Train metrics: train_loss: 7.677 ; train_true_loss: 5.059 ; train_group_ekd_loss: 1.860 ; train_group_dkd_loss: 0.528 ; train_contrastive_loss: 2.303 ; train_accTop1_target: 96.421 ; time: 27.277 ; train_acc_target: 96.421 ; train_acc_aux1: 96.516 ; train_acc_aux2: 96.966 ; train_acc_aux3: 96.906 ; train_acc_afm0: 96.443 ; train_acc_afm1: 96.443 ; train_acc_afm2: 96.449
2025-10-26 00:49:18,787:INFO: - Test metrics: test_loss: 7.210 ; test_true_loss: 5.739 ; test_group_ekd_loss: 0.942 ; test_group_dkd_loss: 0.298 ; test_contrastive_loss: 2.303 ; test_accTop1_target: 91.189 ; time: 3.180 ; test_acc_target: 91.189 ; test_acc_aux1: 91.406 ; test_acc_aux2: 91.505 ; test_acc_aux3: 91.080 ; test_accTop1_afm0: 91.347 ; test_accTop1_afm1: 91.347 ; test_accTop1_afm2: 91.347
2025-10-26 00:49:18,839:INFO: Epoch 221/300
2025-10-26 00:49:45,095:INFO: - Train metrics: train_loss: 7.724 ; train_true_loss: 5.105 ; train_group_ekd_loss: 1.858 ; train_group_dkd_loss: 0.531 ; train_contrastive_loss: 2.303 ; train_accTop1_target: 96.355 ; time: 26.254 ; train_acc_target: 96.355 ; train_acc_aux1: 96.471 ; train_acc_aux2: 97.035 ; train_acc_aux3: 96.939 ; train_acc_afm0: 96.389 ; train_acc_afm1: 96.401 ; train_acc_afm2: 96.401
2025-10-26 00:49:48,282:INFO: - Test metrics: test_loss: 7.323 ; test_true_loss: 5.847 ; test_group_ekd_loss: 0.937 ; test_group_dkd_loss: 0.309 ; test_contrastive_loss: 2.303 ; test_accTop1_target: 91.060 ; time: 3.182 ; test_acc_target: 91.060 ; test_acc_aux1: 91.110 ; test_acc_aux2: 91.258 ; test_acc_aux3: 90.595 ; test_accTop1_afm0: 91.090 ; test_accTop1_afm1: 91.110 ; test_accTop1_afm2: 91.129
2025-10-26 00:49:48,334:INFO: Epoch 222/300
2025-10-26 00:50:16,008:INFO: - Train metrics: train_loss: 7.721 ; train_true_loss: 5.104 ; train_group_ekd_loss: 1.859 ; train_group_dkd_loss: 0.528 ; train_contrastive_loss: 2.303 ; train_accTop1_target: 96.383 ; time: 27.673 ; train_acc_target: 96.383 ; train_acc_aux1: 96.491 ; train_acc_aux2: 96.980 ; train_acc_aux3: 97.017 ; train_acc_afm0: 96.415 ; train_acc_afm1: 96.419 ; train_acc_afm2: 96.425
2025-10-26 00:50:19,193:INFO: - Test metrics: test_loss: 7.213 ; test_true_loss: 5.723 ; test_group_ekd_loss: 0.963 ; test_group_dkd_loss: 0.297 ; test_contrastive_loss: 2.303 ; test_accTop1_target: 91.446 ; time: 3.183 ; test_acc_target: 91.446 ; test_acc_aux1: 91.614 ; test_acc_aux2: 91.129 ; test_acc_aux3: 91.663 ; test_accTop1_afm0: 91.515 ; test_accTop1_afm1: 91.515 ; test_accTop1_afm2: 91.515
2025-10-26 00:50:19,553:INFO: Epoch 223/300
2025-10-26 00:50:46,458:INFO: - Train metrics: train_loss: 7.706 ; train_true_loss: 5.085 ; train_group_ekd_loss: 1.861 ; train_group_dkd_loss: 0.529 ; train_contrastive_loss: 2.303 ; train_accTop1_target: 96.489 ; time: 26.904 ; train_acc_target: 96.489 ; train_acc_aux1: 96.486 ; train_acc_aux2: 97.039 ; train_acc_aux3: 97.034 ; train_acc_afm0: 96.539 ; train_acc_afm1: 96.539 ; train_acc_afm2: 96.545
2025-10-26 00:50:49,682:INFO: - Test metrics: test_loss: 7.246 ; test_true_loss: 5.735 ; test_group_ekd_loss: 0.970 ; test_group_dkd_loss: 0.310 ; test_contrastive_loss: 2.303 ; test_accTop1_target: 90.862 ; time: 3.220 ; test_acc_target: 90.862 ; test_acc_aux1: 90.951 ; test_acc_aux2: 91.060 ; test_acc_aux3: 91.100 ; test_accTop1_afm0: 90.852 ; test_accTop1_afm1: 90.852 ; test_accTop1_afm2: 90.852
2025-10-26 00:50:49,735:INFO: Epoch 224/300
2025-10-26 00:51:16,744:INFO: - Train metrics: train_loss: 7.755 ; train_true_loss: 5.130 ; train_group_ekd_loss: 1.871 ; train_group_dkd_loss: 0.523 ; train_contrastive_loss: 2.303 ; train_accTop1_target: 96.540 ; time: 27.008 ; train_acc_target: 96.540 ; train_acc_aux1: 96.453 ; train_acc_aux2: 97.166 ; train_acc_aux3: 97.210 ; train_acc_afm0: 96.592 ; train_acc_afm1: 96.592 ; train_acc_afm2: 96.600
2025-10-26 00:51:19,951:INFO: - Test metrics: test_loss: 7.198 ; test_true_loss: 5.655 ; test_group_ekd_loss: 0.991 ; test_group_dkd_loss: 0.322 ; test_contrastive_loss: 2.303 ; test_accTop1_target: 91.337 ; time: 3.205 ; test_acc_target: 91.337 ; test_acc_aux1: 91.584 ; test_acc_aux2: 91.940 ; test_acc_aux3: 91.861 ; test_accTop1_afm0: 91.475 ; test_accTop1_afm1: 91.495 ; test_accTop1_afm2: 91.515
2025-10-26 00:51:20,351:INFO: Epoch 225/300
2025-10-26 00:51:47,137:INFO: - Train metrics: train_loss: 7.494 ; train_true_loss: 4.857 ; train_group_ekd_loss: 1.932 ; train_group_dkd_loss: 0.475 ; train_contrastive_loss: 2.303 ; train_accTop1_target: 98.067 ; time: 26.785 ; train_acc_target: 98.067 ; train_acc_aux1: 98.000 ; train_acc_aux2: 98.521 ; train_acc_aux3: 98.536 ; train_acc_afm0: 98.121 ; train_acc_afm1: 98.121 ; train_acc_afm2: 98.121
2025-10-26 00:51:50,428:INFO: - Test metrics: test_loss: 6.859 ; test_true_loss: 5.357 ; test_group_ekd_loss: 1.011 ; test_group_dkd_loss: 0.262 ; test_contrastive_loss: 2.303 ; test_accTop1_target: 93.345 ; time: 3.289 ; test_acc_target: 93.345 ; test_acc_aux1: 93.483 ; test_acc_aux2: 93.780 ; test_acc_aux3: 93.799 ; test_accTop1_afm0: 93.374 ; test_accTop1_afm1: 93.374 ; test_accTop1_afm2: 93.374
2025-10-26 00:51:50,626:INFO: - Found better accuracy
2025-10-26 00:51:50,645:INFO: Epoch 226/300
2025-10-26 00:52:17,054:INFO: - Train metrics: train_loss: 7.399 ; train_true_loss: 4.752 ; train_group_ekd_loss: 1.953 ; train_group_dkd_loss: 0.463 ; train_contrastive_loss: 2.303 ; train_accTop1_target: 98.371 ; time: 26.409 ; train_acc_target: 98.371 ; train_acc_aux1: 98.410 ; train_acc_aux2: 98.878 ; train_acc_aux3: 98.878 ; train_acc_afm0: 98.405 ; train_acc_afm1: 98.405 ; train_acc_afm2: 98.407
2025-10-26 00:52:20,241:INFO: - Test metrics: test_loss: 6.829 ; test_true_loss: 5.337 ; test_group_ekd_loss: 1.002 ; test_group_dkd_loss: 0.260 ; test_contrastive_loss: 2.303 ; test_accTop1_target: 93.641 ; time: 3.185 ; test_acc_target: 93.641 ; test_acc_aux1: 93.710 ; test_acc_aux2: 93.879 ; test_acc_aux3: 93.958 ; test_accTop1_afm0: 93.701 ; test_accTop1_afm1: 93.710 ; test_accTop1_afm2: 93.701
2025-10-26 00:52:20,297:INFO: - Found better accuracy
2025-10-26 00:52:20,321:INFO: Epoch 227/300
2025-10-26 00:52:47,352:INFO: - Train metrics: train_loss: 7.365 ; train_true_loss: 4.711 ; train_group_ekd_loss: 1.964 ; train_group_dkd_loss: 0.460 ; train_contrastive_loss: 2.303 ; train_accTop1_target: 98.598 ; time: 27.030 ; train_acc_target: 98.598 ; train_acc_aux1: 98.582 ; train_acc_aux2: 99.035 ; train_acc_aux3: 99.070 ; train_acc_afm0: 98.634 ; train_acc_afm1: 98.636 ; train_acc_afm2: 98.638
2025-10-26 00:52:50,615:INFO: - Test metrics: test_loss: 6.814 ; test_true_loss: 5.314 ; test_group_ekd_loss: 1.009 ; test_group_dkd_loss: 0.261 ; test_contrastive_loss: 2.303 ; test_accTop1_target: 93.473 ; time: 3.258 ; test_acc_target: 93.473 ; test_acc_aux1: 93.612 ; test_acc_aux2: 94.027 ; test_acc_aux3: 93.987 ; test_accTop1_afm0: 93.513 ; test_accTop1_afm1: 93.523 ; test_accTop1_afm2: 93.523
2025-10-26 00:52:50,674:INFO: Epoch 228/300
2025-10-26 00:53:16,974:INFO: - Train metrics: train_loss: 7.364 ; train_true_loss: 4.701 ; train_group_ekd_loss: 1.974 ; train_group_dkd_loss: 0.459 ; train_contrastive_loss: 2.303 ; train_accTop1_target: 98.808 ; time: 26.299 ; train_acc_target: 98.808 ; train_acc_aux1: 98.753 ; train_acc_aux2: 99.120 ; train_acc_aux3: 99.166 ; train_acc_afm0: 98.824 ; train_acc_afm1: 98.826 ; train_acc_afm2: 98.834
2025-10-26 00:53:20,661:INFO: - Test metrics: test_loss: 6.831 ; test_true_loss: 5.329 ; test_group_ekd_loss: 1.013 ; test_group_dkd_loss: 0.259 ; test_contrastive_loss: 2.303 ; test_accTop1_target: 93.612 ; time: 3.685 ; test_acc_target: 93.612 ; test_acc_aux1: 93.730 ; test_acc_aux2: 94.165 ; test_acc_aux3: 94.096 ; test_accTop1_afm0: 93.671 ; test_accTop1_afm1: 93.671 ; test_accTop1_afm2: 93.671
2025-10-26 00:53:20,962:INFO: Epoch 229/300
2025-10-26 00:53:48,743:INFO: - Train metrics: train_loss: 7.338 ; train_true_loss: 4.676 ; train_group_ekd_loss: 1.974 ; train_group_dkd_loss: 0.457 ; train_contrastive_loss: 2.303 ; train_accTop1_target: 98.888 ; time: 27.779 ; train_acc_target: 98.888 ; train_acc_aux1: 98.836 ; train_acc_aux2: 99.203 ; train_acc_aux3: 99.231 ; train_acc_afm0: 98.912 ; train_acc_afm1: 98.912 ; train_acc_afm2: 98.914
2025-10-26 00:53:51,999:INFO: - Test metrics: test_loss: 6.822 ; test_true_loss: 5.322 ; test_group_ekd_loss: 1.009 ; test_group_dkd_loss: 0.261 ; test_contrastive_loss: 2.303 ; test_accTop1_target: 93.513 ; time: 3.254 ; test_acc_target: 93.513 ; test_acc_aux1: 93.730 ; test_acc_aux2: 94.146 ; test_acc_aux3: 94.066 ; test_accTop1_afm0: 93.592 ; test_accTop1_afm1: 93.592 ; test_accTop1_afm2: 93.602
2025-10-26 00:53:52,054:INFO: Epoch 230/300
2025-10-26 00:54:18,281:INFO: - Train metrics: train_loss: 7.355 ; train_true_loss: 4.688 ; train_group_ekd_loss: 1.981 ; train_group_dkd_loss: 0.456 ; train_contrastive_loss: 2.303 ; train_accTop1_target: 98.917 ; time: 26.227 ; train_acc_target: 98.917 ; train_acc_aux1: 98.940 ; train_acc_aux2: 99.287 ; train_acc_aux3: 99.337 ; train_acc_afm0: 98.954 ; train_acc_afm1: 98.954 ; train_acc_afm2: 98.954
2025-10-26 00:54:21,458:INFO: - Test metrics: test_loss: 6.836 ; test_true_loss: 5.323 ; test_group_ekd_loss: 1.019 ; test_group_dkd_loss: 0.264 ; test_contrastive_loss: 2.303 ; test_accTop1_target: 93.809 ; time: 3.172 ; test_acc_target: 93.809 ; test_acc_aux1: 93.790 ; test_acc_aux2: 94.076 ; test_acc_aux3: 94.215 ; test_accTop1_afm0: 93.869 ; test_accTop1_afm1: 93.869 ; test_accTop1_afm2: 93.869
2025-10-26 00:54:21,513:INFO: - Found better accuracy
2025-10-26 00:54:21,536:INFO: Epoch 231/300
2025-10-26 00:54:48,828:INFO: - Train metrics: train_loss: 7.335 ; train_true_loss: 4.668 ; train_group_ekd_loss: 1.981 ; train_group_dkd_loss: 0.456 ; train_contrastive_loss: 2.303 ; train_accTop1_target: 98.970 ; time: 27.290 ; train_acc_target: 98.970 ; train_acc_aux1: 98.909 ; train_acc_aux2: 99.268 ; train_acc_aux3: 99.374 ; train_acc_afm0: 98.990 ; train_acc_afm1: 98.990 ; train_acc_afm2: 98.990
2025-10-26 00:54:52,168:INFO: - Test metrics: test_loss: 6.816 ; test_true_loss: 5.309 ; test_group_ekd_loss: 1.018 ; test_group_dkd_loss: 0.259 ; test_contrastive_loss: 2.303 ; test_accTop1_target: 93.661 ; time: 3.338 ; test_acc_target: 93.661 ; test_acc_aux1: 93.790 ; test_acc_aux2: 93.997 ; test_acc_aux3: 93.968 ; test_accTop1_afm0: 93.780 ; test_accTop1_afm1: 93.780 ; test_accTop1_afm2: 93.780
2025-10-26 00:54:52,300:INFO: Epoch 232/300
2025-10-26 00:55:18,492:INFO: - Train metrics: train_loss: 7.337 ; train_true_loss: 4.669 ; train_group_ekd_loss: 1.984 ; train_group_dkd_loss: 0.454 ; train_contrastive_loss: 2.303 ; train_accTop1_target: 98.952 ; time: 26.191 ; train_acc_target: 98.952 ; train_acc_aux1: 98.974 ; train_acc_aux2: 99.317 ; train_acc_aux3: 99.311 ; train_acc_afm0: 98.972 ; train_acc_afm1: 98.972 ; train_acc_afm2: 98.974
2025-10-26 00:55:21,695:INFO: - Test metrics: test_loss: 6.840 ; test_true_loss: 5.334 ; test_group_ekd_loss: 1.016 ; test_group_dkd_loss: 0.260 ; test_contrastive_loss: 2.303 ; test_accTop1_target: 93.819 ; time: 3.198 ; test_acc_target: 93.819 ; test_acc_aux1: 93.879 ; test_acc_aux2: 93.977 ; test_acc_aux3: 94.076 ; test_accTop1_afm0: 93.829 ; test_accTop1_afm1: 93.829 ; test_accTop1_afm2: 93.829
2025-10-26 00:55:21,791:INFO: - Found better accuracy
2025-10-26 00:55:21,820:INFO: Epoch 233/300
2025-10-26 00:55:49,481:INFO: - Train metrics: train_loss: 7.317 ; train_true_loss: 4.650 ; train_group_ekd_loss: 1.984 ; train_group_dkd_loss: 0.453 ; train_contrastive_loss: 2.303 ; train_accTop1_target: 99.023 ; time: 27.660 ; train_acc_target: 99.023 ; train_acc_aux1: 99.061 ; train_acc_aux2: 99.386 ; train_acc_aux3: 99.435 ; train_acc_afm0: 99.055 ; train_acc_afm1: 99.057 ; train_acc_afm2: 99.057
2025-10-26 00:55:52,699:INFO: - Test metrics: test_loss: 6.838 ; test_true_loss: 5.326 ; test_group_ekd_loss: 1.014 ; test_group_dkd_loss: 0.268 ; test_contrastive_loss: 2.303 ; test_accTop1_target: 93.562 ; time: 3.215 ; test_acc_target: 93.562 ; test_acc_aux1: 93.770 ; test_acc_aux2: 94.007 ; test_acc_aux3: 94.086 ; test_accTop1_afm0: 93.621 ; test_accTop1_afm1: 93.621 ; test_accTop1_afm2: 93.631
2025-10-26 00:55:52,756:INFO: Epoch 234/300
2025-10-26 00:56:19,040:INFO: - Train metrics: train_loss: 7.336 ; train_true_loss: 4.662 ; train_group_ekd_loss: 1.991 ; train_group_dkd_loss: 0.452 ; train_contrastive_loss: 2.303 ; train_accTop1_target: 99.071 ; time: 26.283 ; train_acc_target: 99.071 ; train_acc_aux1: 99.037 ; train_acc_aux2: 99.391 ; train_acc_aux3: 99.375 ; train_acc_afm0: 99.105 ; train_acc_afm1: 99.105 ; train_acc_afm2: 99.105
2025-10-26 00:56:22,211:INFO: - Test metrics: test_loss: 6.855 ; test_true_loss: 5.347 ; test_group_ekd_loss: 1.015 ; test_group_dkd_loss: 0.263 ; test_contrastive_loss: 2.303 ; test_accTop1_target: 93.552 ; time: 3.167 ; test_acc_target: 93.552 ; test_acc_aux1: 93.908 ; test_acc_aux2: 94.057 ; test_acc_aux3: 94.195 ; test_accTop1_afm0: 93.671 ; test_accTop1_afm1: 93.671 ; test_accTop1_afm2: 93.671
2025-10-26 00:56:22,260:INFO: Epoch 235/300
2025-10-26 00:56:50,135:INFO: - Train metrics: train_loss: 7.293 ; train_true_loss: 4.622 ; train_group_ekd_loss: 1.987 ; train_group_dkd_loss: 0.453 ; train_contrastive_loss: 2.303 ; train_accTop1_target: 99.059 ; time: 27.874 ; train_acc_target: 99.059 ; train_acc_aux1: 99.151 ; train_acc_aux2: 99.429 ; train_acc_aux3: 99.433 ; train_acc_afm0: 99.079 ; train_acc_afm1: 99.081 ; train_acc_afm2: 99.083
2025-10-26 00:56:53,320:INFO: - Test metrics: test_loss: 6.822 ; test_true_loss: 5.314 ; test_group_ekd_loss: 1.015 ; test_group_dkd_loss: 0.263 ; test_contrastive_loss: 2.303 ; test_accTop1_target: 93.701 ; time: 3.182 ; test_acc_target: 93.701 ; test_acc_aux1: 93.790 ; test_acc_aux2: 93.849 ; test_acc_aux3: 94.274 ; test_accTop1_afm0: 93.809 ; test_accTop1_afm1: 93.809 ; test_accTop1_afm2: 93.819
2025-10-26 00:56:53,424:INFO: Epoch 236/300
2025-10-26 00:57:25,522:INFO: - Train metrics: train_loss: 7.338 ; train_true_loss: 4.662 ; train_group_ekd_loss: 1.993 ; train_group_dkd_loss: 0.453 ; train_contrastive_loss: 2.303 ; train_accTop1_target: 99.141 ; time: 32.097 ; train_acc_target: 99.141 ; train_acc_aux1: 99.123 ; train_acc_aux2: 99.397 ; train_acc_aux3: 99.445 ; train_acc_afm0: 99.145 ; train_acc_afm1: 99.147 ; train_acc_afm2: 99.149
2025-10-26 00:57:44,864:INFO: - Test metrics: test_loss: 6.874 ; test_true_loss: 5.362 ; test_group_ekd_loss: 1.018 ; test_group_dkd_loss: 0.264 ; test_contrastive_loss: 2.303 ; test_accTop1_target: 93.513 ; time: 19.335 ; test_acc_target: 93.513 ; test_acc_aux1: 93.819 ; test_acc_aux2: 93.908 ; test_acc_aux3: 94.136 ; test_accTop1_afm0: 93.592 ; test_accTop1_afm1: 93.602 ; test_accTop1_afm2: 93.612
2025-10-26 00:57:45,598:INFO: Epoch 237/300
2025-10-26 00:58:20,583:INFO: - Train metrics: train_loss: 7.276 ; train_true_loss: 4.607 ; train_group_ekd_loss: 1.988 ; train_group_dkd_loss: 0.451 ; train_contrastive_loss: 2.303 ; train_accTop1_target: 99.216 ; time: 34.644 ; train_acc_target: 99.216 ; train_acc_aux1: 99.176 ; train_acc_aux2: 99.500 ; train_acc_aux3: 99.517 ; train_acc_afm0: 99.234 ; train_acc_afm1: 99.234 ; train_acc_afm2: 99.232
2025-10-26 00:58:23,952:INFO: - Test metrics: test_loss: 6.835 ; test_true_loss: 5.307 ; test_group_ekd_loss: 1.027 ; test_group_dkd_loss: 0.272 ; test_contrastive_loss: 2.303 ; test_accTop1_target: 93.671 ; time: 3.367 ; test_acc_target: 93.671 ; test_acc_aux1: 93.780 ; test_acc_aux2: 93.997 ; test_acc_aux3: 94.086 ; test_accTop1_afm0: 93.760 ; test_accTop1_afm1: 93.760 ; test_accTop1_afm2: 93.770
2025-10-26 00:58:24,785:INFO: Epoch 238/300
2025-10-26 00:58:50,949:INFO: - Train metrics: train_loss: 7.322 ; train_true_loss: 4.640 ; train_group_ekd_loss: 2.000 ; train_group_dkd_loss: 0.452 ; train_contrastive_loss: 2.303 ; train_accTop1_target: 99.211 ; time: 26.163 ; train_acc_target: 99.211 ; train_acc_aux1: 99.219 ; train_acc_aux2: 99.486 ; train_acc_aux3: 99.526 ; train_acc_afm0: 99.237 ; train_acc_afm1: 99.239 ; train_acc_afm2: 99.239
2025-10-26 00:58:54,113:INFO: - Test metrics: test_loss: 6.893 ; test_true_loss: 5.379 ; test_group_ekd_loss: 1.018 ; test_group_dkd_loss: 0.265 ; test_contrastive_loss: 2.303 ; test_accTop1_target: 93.404 ; time: 3.162 ; test_acc_target: 93.404 ; test_acc_aux1: 93.740 ; test_acc_aux2: 93.938 ; test_acc_aux3: 94.007 ; test_accTop1_afm0: 93.513 ; test_accTop1_afm1: 93.513 ; test_accTop1_afm2: 93.503
2025-10-26 00:58:54,640:INFO: Epoch 239/300
2025-10-26 00:59:21,732:INFO: - Train metrics: train_loss: 7.286 ; train_true_loss: 4.611 ; train_group_ekd_loss: 1.994 ; train_group_dkd_loss: 0.451 ; train_contrastive_loss: 2.303 ; train_accTop1_target: 99.213 ; time: 27.090 ; train_acc_target: 99.213 ; train_acc_aux1: 99.214 ; train_acc_aux2: 99.530 ; train_acc_aux3: 99.518 ; train_acc_afm0: 99.219 ; train_acc_afm1: 99.221 ; train_acc_afm2: 99.225
2025-10-26 00:59:24,907:INFO: - Test metrics: test_loss: 6.838 ; test_true_loss: 5.310 ; test_group_ekd_loss: 1.028 ; test_group_dkd_loss: 0.270 ; test_contrastive_loss: 2.303 ; test_accTop1_target: 93.612 ; time: 3.174 ; test_acc_target: 93.612 ; test_acc_aux1: 93.829 ; test_acc_aux2: 93.987 ; test_acc_aux3: 94.126 ; test_accTop1_afm0: 93.701 ; test_accTop1_afm1: 93.701 ; test_accTop1_afm2: 93.701
2025-10-26 00:59:24,964:INFO: Epoch 240/300
2025-10-26 00:59:51,169:INFO: - Train metrics: train_loss: 7.308 ; train_true_loss: 4.630 ; train_group_ekd_loss: 1.997 ; train_group_dkd_loss: 0.450 ; train_contrastive_loss: 2.303 ; train_accTop1_target: 99.301 ; time: 26.203 ; train_acc_target: 99.301 ; train_acc_aux1: 99.311 ; train_acc_aux2: 99.546 ; train_acc_aux3: 99.559 ; train_acc_afm0: 99.301 ; train_acc_afm1: 99.301 ; train_acc_afm2: 99.303
2025-10-26 00:59:54,345:INFO: - Test metrics: test_loss: 6.873 ; test_true_loss: 5.366 ; test_group_ekd_loss: 1.010 ; test_group_dkd_loss: 0.267 ; test_contrastive_loss: 2.303 ; test_accTop1_target: 93.631 ; time: 3.175 ; test_acc_target: 93.631 ; test_acc_aux1: 93.790 ; test_acc_aux2: 93.948 ; test_acc_aux3: 94.066 ; test_accTop1_afm0: 93.701 ; test_accTop1_afm1: 93.691 ; test_accTop1_afm2: 93.691
2025-10-26 00:59:54,402:INFO: Epoch 241/300
2025-10-26 01:00:22,121:INFO: - Train metrics: train_loss: 7.279 ; train_true_loss: 4.605 ; train_group_ekd_loss: 1.992 ; train_group_dkd_loss: 0.451 ; train_contrastive_loss: 2.303 ; train_accTop1_target: 99.239 ; time: 27.718 ; train_acc_target: 99.239 ; train_acc_aux1: 99.281 ; train_acc_aux2: 99.538 ; train_acc_aux3: 99.578 ; train_acc_afm0: 99.257 ; train_acc_afm1: 99.257 ; train_acc_afm2: 99.257
2025-10-26 01:00:25,299:INFO: - Test metrics: test_loss: 6.854 ; test_true_loss: 5.337 ; test_group_ekd_loss: 1.019 ; test_group_dkd_loss: 0.268 ; test_contrastive_loss: 2.303 ; test_accTop1_target: 93.710 ; time: 3.175 ; test_acc_target: 93.710 ; test_acc_aux1: 93.790 ; test_acc_aux2: 94.116 ; test_acc_aux3: 94.047 ; test_accTop1_afm0: 93.760 ; test_accTop1_afm1: 93.750 ; test_accTop1_afm2: 93.760
2025-10-26 01:00:25,359:INFO: Epoch 242/300
2025-10-26 01:00:51,598:INFO: - Train metrics: train_loss: 7.285 ; train_true_loss: 4.605 ; train_group_ekd_loss: 1.998 ; train_group_dkd_loss: 0.452 ; train_contrastive_loss: 2.303 ; train_accTop1_target: 99.315 ; time: 26.236 ; train_acc_target: 99.315 ; train_acc_aux1: 99.289 ; train_acc_aux2: 99.571 ; train_acc_aux3: 99.611 ; train_acc_afm0: 99.339 ; train_acc_afm1: 99.339 ; train_acc_afm2: 99.339
2025-10-26 01:00:55,272:INFO: - Test metrics: test_loss: 6.852 ; test_true_loss: 5.327 ; test_group_ekd_loss: 1.024 ; test_group_dkd_loss: 0.271 ; test_contrastive_loss: 2.303 ; test_accTop1_target: 93.651 ; time: 3.669 ; test_acc_target: 93.651 ; test_acc_aux1: 93.849 ; test_acc_aux2: 94.037 ; test_acc_aux3: 94.116 ; test_accTop1_afm0: 93.780 ; test_accTop1_afm1: 93.780 ; test_accTop1_afm2: 93.780
2025-10-26 01:00:55,323:INFO: Epoch 243/300
2025-10-26 01:01:22,060:INFO: - Train metrics: train_loss: 7.287 ; train_true_loss: 4.610 ; train_group_ekd_loss: 1.997 ; train_group_dkd_loss: 0.450 ; train_contrastive_loss: 2.303 ; train_accTop1_target: 99.260 ; time: 26.737 ; train_acc_target: 99.260 ; train_acc_aux1: 99.293 ; train_acc_aux2: 99.540 ; train_acc_aux3: 99.573 ; train_acc_afm0: 99.279 ; train_acc_afm1: 99.279 ; train_acc_afm2: 99.281
2025-10-26 01:01:25,225:INFO: - Test metrics: test_loss: 6.860 ; test_true_loss: 5.341 ; test_group_ekd_loss: 1.020 ; test_group_dkd_loss: 0.269 ; test_contrastive_loss: 2.303 ; test_accTop1_target: 93.641 ; time: 3.163 ; test_acc_target: 93.641 ; test_acc_aux1: 93.819 ; test_acc_aux2: 93.958 ; test_acc_aux3: 94.116 ; test_accTop1_afm0: 93.730 ; test_accTop1_afm1: 93.720 ; test_accTop1_afm2: 93.730
2025-10-26 01:01:25,279:INFO: Epoch 244/300
2025-10-26 01:01:51,982:INFO: - Train metrics: train_loss: 7.281 ; train_true_loss: 4.602 ; train_group_ekd_loss: 1.999 ; train_group_dkd_loss: 0.449 ; train_contrastive_loss: 2.303 ; train_accTop1_target: 99.297 ; time: 26.702 ; train_acc_target: 99.297 ; train_acc_aux1: 99.333 ; train_acc_aux2: 99.575 ; train_acc_aux3: 99.577 ; train_acc_afm0: 99.329 ; train_acc_afm1: 99.329 ; train_acc_afm2: 99.333
2025-10-26 01:01:55,309:INFO: - Test metrics: test_loss: 6.861 ; test_true_loss: 5.336 ; test_group_ekd_loss: 1.025 ; test_group_dkd_loss: 0.271 ; test_contrastive_loss: 2.303 ; test_accTop1_target: 93.443 ; time: 3.324 ; test_acc_target: 93.443 ; test_acc_aux1: 93.770 ; test_acc_aux2: 94.027 ; test_acc_aux3: 94.106 ; test_accTop1_afm0: 93.552 ; test_accTop1_afm1: 93.552 ; test_accTop1_afm2: 93.562
2025-10-26 01:01:55,370:INFO: Epoch 245/300
2025-10-26 01:02:22,456:INFO: - Train metrics: train_loss: 7.273 ; train_true_loss: 4.595 ; train_group_ekd_loss: 1.998 ; train_group_dkd_loss: 0.450 ; train_contrastive_loss: 2.303 ; train_accTop1_target: 99.357 ; time: 27.085 ; train_acc_target: 99.357 ; train_acc_aux1: 99.315 ; train_acc_aux2: 99.607 ; train_acc_aux3: 99.654 ; train_acc_afm0: 99.371 ; train_acc_afm1: 99.371 ; train_acc_afm2: 99.371
2025-10-26 01:02:25,656:INFO: - Test metrics: test_loss: 6.875 ; test_true_loss: 5.354 ; test_group_ekd_loss: 1.018 ; test_group_dkd_loss: 0.273 ; test_contrastive_loss: 2.303 ; test_accTop1_target: 93.621 ; time: 3.198 ; test_acc_target: 93.621 ; test_acc_aux1: 93.592 ; test_acc_aux2: 93.928 ; test_acc_aux3: 94.106 ; test_accTop1_afm0: 93.631 ; test_accTop1_afm1: 93.631 ; test_accTop1_afm2: 93.641
2025-10-26 01:02:25,741:INFO: Epoch 246/300
2025-10-26 01:02:52,168:INFO: - Train metrics: train_loss: 7.290 ; train_true_loss: 4.608 ; train_group_ekd_loss: 2.002 ; train_group_dkd_loss: 0.451 ; train_contrastive_loss: 2.303 ; train_accTop1_target: 99.321 ; time: 26.426 ; train_acc_target: 99.321 ; train_acc_aux1: 99.291 ; train_acc_aux2: 99.588 ; train_acc_aux3: 99.597 ; train_acc_afm0: 99.345 ; train_acc_afm1: 99.345 ; train_acc_afm2: 99.347
2025-10-26 01:02:55,445:INFO: - Test metrics: test_loss: 6.895 ; test_true_loss: 5.382 ; test_group_ekd_loss: 1.010 ; test_group_dkd_loss: 0.272 ; test_contrastive_loss: 2.303 ; test_accTop1_target: 93.463 ; time: 3.273 ; test_acc_target: 93.463 ; test_acc_aux1: 93.720 ; test_acc_aux2: 94.155 ; test_acc_aux3: 94.027 ; test_accTop1_afm0: 93.552 ; test_accTop1_afm1: 93.552 ; test_accTop1_afm2: 93.542
2025-10-26 01:02:55,499:INFO: Epoch 247/300
2025-10-26 01:03:22,152:INFO: - Train metrics: train_loss: 7.254 ; train_true_loss: 4.579 ; train_group_ekd_loss: 1.995 ; train_group_dkd_loss: 0.450 ; train_contrastive_loss: 2.303 ; train_accTop1_target: 99.365 ; time: 26.651 ; train_acc_target: 99.365 ; train_acc_aux1: 99.373 ; train_acc_aux2: 99.600 ; train_acc_aux3: 99.612 ; train_acc_afm0: 99.389 ; train_acc_afm1: 99.389 ; train_acc_afm2: 99.389
2025-10-26 01:03:25,326:INFO: - Test metrics: test_loss: 6.867 ; test_true_loss: 5.348 ; test_group_ekd_loss: 1.015 ; test_group_dkd_loss: 0.273 ; test_contrastive_loss: 2.303 ; test_accTop1_target: 93.463 ; time: 3.171 ; test_acc_target: 93.463 ; test_acc_aux1: 93.641 ; test_acc_aux2: 93.987 ; test_acc_aux3: 93.938 ; test_accTop1_afm0: 93.493 ; test_accTop1_afm1: 93.493 ; test_accTop1_afm2: 93.493
2025-10-26 01:03:25,377:INFO: Epoch 248/300
2025-10-26 01:03:51,892:INFO: - Train metrics: train_loss: 7.286 ; train_true_loss: 4.605 ; train_group_ekd_loss: 2.001 ; train_group_dkd_loss: 0.450 ; train_contrastive_loss: 2.303 ; train_accTop1_target: 99.349 ; time: 26.514 ; train_acc_target: 99.349 ; train_acc_aux1: 99.381 ; train_acc_aux2: 99.624 ; train_acc_aux3: 99.650 ; train_acc_afm0: 99.369 ; train_acc_afm1: 99.369 ; train_acc_afm2: 99.369
2025-10-26 01:03:55,143:INFO: - Test metrics: test_loss: 6.894 ; test_true_loss: 5.362 ; test_group_ekd_loss: 1.026 ; test_group_dkd_loss: 0.276 ; test_contrastive_loss: 2.303 ; test_accTop1_target: 93.562 ; time: 3.247 ; test_acc_target: 93.562 ; test_acc_aux1: 93.582 ; test_acc_aux2: 94.047 ; test_acc_aux3: 94.096 ; test_accTop1_afm0: 93.602 ; test_accTop1_afm1: 93.602 ; test_accTop1_afm2: 93.602
2025-10-26 01:03:55,265:INFO: Epoch 249/300
2025-10-26 01:04:21,820:INFO: - Train metrics: train_loss: 7.280 ; train_true_loss: 4.599 ; train_group_ekd_loss: 2.001 ; train_group_dkd_loss: 0.450 ; train_contrastive_loss: 2.303 ; train_accTop1_target: 99.391 ; time: 26.553 ; train_acc_target: 99.391 ; train_acc_aux1: 99.439 ; train_acc_aux2: 99.623 ; train_acc_aux3: 99.673 ; train_acc_afm0: 99.411 ; train_acc_afm1: 99.411 ; train_acc_afm2: 99.411
2025-10-26 01:04:25,009:INFO: - Test metrics: test_loss: 6.904 ; test_true_loss: 5.392 ; test_group_ekd_loss: 1.011 ; test_group_dkd_loss: 0.270 ; test_contrastive_loss: 2.303 ; test_accTop1_target: 93.404 ; time: 3.186 ; test_acc_target: 93.404 ; test_acc_aux1: 93.740 ; test_acc_aux2: 93.908 ; test_acc_aux3: 93.938 ; test_accTop1_afm0: 93.602 ; test_accTop1_afm1: 93.602 ; test_accTop1_afm2: 93.602
2025-10-26 01:04:25,273:INFO: Epoch 250/300
2025-10-26 01:04:52,375:INFO: - Train metrics: train_loss: 7.253 ; train_true_loss: 4.576 ; train_group_ekd_loss: 2.000 ; train_group_dkd_loss: 0.447 ; train_contrastive_loss: 2.303 ; train_accTop1_target: 99.405 ; time: 27.101 ; train_acc_target: 99.405 ; train_acc_aux1: 99.407 ; train_acc_aux2: 99.631 ; train_acc_aux3: 99.625 ; train_acc_afm0: 99.425 ; train_acc_afm1: 99.425 ; train_acc_afm2: 99.423
2025-10-26 01:04:56,186:INFO: - Test metrics: test_loss: 6.875 ; test_true_loss: 5.365 ; test_group_ekd_loss: 1.008 ; test_group_dkd_loss: 0.271 ; test_contrastive_loss: 2.303 ; test_accTop1_target: 93.621 ; time: 3.809 ; test_acc_target: 93.621 ; test_acc_aux1: 93.770 ; test_acc_aux2: 94.047 ; test_acc_aux3: 93.918 ; test_accTop1_afm0: 93.730 ; test_accTop1_afm1: 93.730 ; test_accTop1_afm2: 93.730
2025-10-26 01:04:56,465:INFO: Epoch 251/300
2025-10-26 01:05:22,912:INFO: - Train metrics: train_loss: 7.235 ; train_true_loss: 4.553 ; train_group_ekd_loss: 2.002 ; train_group_dkd_loss: 0.449 ; train_contrastive_loss: 2.303 ; train_accTop1_target: 99.413 ; time: 26.446 ; train_acc_target: 99.413 ; train_acc_aux1: 99.449 ; train_acc_aux2: 99.692 ; train_acc_aux3: 99.686 ; train_acc_afm0: 99.441 ; train_acc_afm1: 99.441 ; train_acc_afm2: 99.445
2025-10-26 01:05:26,094:INFO: - Test metrics: test_loss: 6.859 ; test_true_loss: 5.334 ; test_group_ekd_loss: 1.020 ; test_group_dkd_loss: 0.275 ; test_contrastive_loss: 2.303 ; test_accTop1_target: 93.483 ; time: 3.179 ; test_acc_target: 93.483 ; test_acc_aux1: 93.839 ; test_acc_aux2: 94.057 ; test_acc_aux3: 94.017 ; test_accTop1_afm0: 93.523 ; test_accTop1_afm1: 93.532 ; test_accTop1_afm2: 93.523
2025-10-26 01:05:26,150:INFO: Epoch 252/300
2025-10-26 01:05:52,736:INFO: - Train metrics: train_loss: 7.283 ; train_true_loss: 4.598 ; train_group_ekd_loss: 2.006 ; train_group_dkd_loss: 0.449 ; train_contrastive_loss: 2.303 ; train_accTop1_target: 99.445 ; time: 26.585 ; train_acc_target: 99.445 ; train_acc_aux1: 99.432 ; train_acc_aux2: 99.659 ; train_acc_aux3: 99.725 ; train_acc_afm0: 99.461 ; train_acc_afm1: 99.463 ; train_acc_afm2: 99.463
2025-10-26 01:05:56,132:INFO: - Test metrics: test_loss: 6.914 ; test_true_loss: 5.401 ; test_group_ekd_loss: 1.009 ; test_group_dkd_loss: 0.273 ; test_contrastive_loss: 2.303 ; test_accTop1_target: 93.542 ; time: 3.393 ; test_acc_target: 93.542 ; test_acc_aux1: 93.720 ; test_acc_aux2: 93.908 ; test_acc_aux3: 93.958 ; test_accTop1_afm0: 93.631 ; test_accTop1_afm1: 93.631 ; test_accTop1_afm2: 93.631
2025-10-26 01:05:56,191:INFO: Epoch 253/300
2025-10-26 01:06:22,431:INFO: - Train metrics: train_loss: 7.231 ; train_true_loss: 4.554 ; train_group_ekd_loss: 1.999 ; train_group_dkd_loss: 0.449 ; train_contrastive_loss: 2.303 ; train_accTop1_target: 99.437 ; time: 26.239 ; train_acc_target: 99.437 ; train_acc_aux1: 99.451 ; train_acc_aux2: 99.671 ; train_acc_aux3: 99.696 ; train_acc_afm0: 99.449 ; train_acc_afm1: 99.451 ; train_acc_afm2: 99.451
2025-10-26 01:06:25,607:INFO: - Test metrics: test_loss: 6.856 ; test_true_loss: 5.325 ; test_group_ekd_loss: 1.019 ; test_group_dkd_loss: 0.281 ; test_contrastive_loss: 2.303 ; test_accTop1_target: 93.582 ; time: 3.174 ; test_acc_target: 93.582 ; test_acc_aux1: 93.908 ; test_acc_aux2: 94.106 ; test_acc_aux3: 94.096 ; test_accTop1_afm0: 93.740 ; test_accTop1_afm1: 93.740 ; test_accTop1_afm2: 93.760
2025-10-26 01:06:25,658:INFO: Epoch 254/300
2025-10-26 01:06:53,707:INFO: - Train metrics: train_loss: 7.275 ; train_true_loss: 4.593 ; train_group_ekd_loss: 2.004 ; train_group_dkd_loss: 0.448 ; train_contrastive_loss: 2.303 ; train_accTop1_target: 99.471 ; time: 28.047 ; train_acc_target: 99.471 ; train_acc_aux1: 99.449 ; train_acc_aux2: 99.694 ; train_acc_aux3: 99.704 ; train_acc_afm0: 99.498 ; train_acc_afm1: 99.498 ; train_acc_afm2: 99.500
2025-10-26 01:06:56,975:INFO: - Test metrics: test_loss: 6.893 ; test_true_loss: 5.358 ; test_group_ekd_loss: 1.024 ; test_group_dkd_loss: 0.280 ; test_contrastive_loss: 2.303 ; test_accTop1_target: 93.523 ; time: 3.266 ; test_acc_target: 93.523 ; test_acc_aux1: 93.770 ; test_acc_aux2: 94.126 ; test_acc_aux3: 94.155 ; test_accTop1_afm0: 93.602 ; test_accTop1_afm1: 93.602 ; test_accTop1_afm2: 93.612
2025-10-26 01:06:57,030:INFO: Epoch 255/300
2025-10-26 01:07:23,320:INFO: - Train metrics: train_loss: 7.258 ; train_true_loss: 4.578 ; train_group_ekd_loss: 2.003 ; train_group_dkd_loss: 0.447 ; train_contrastive_loss: 2.303 ; train_accTop1_target: 99.441 ; time: 26.289 ; train_acc_target: 99.441 ; train_acc_aux1: 99.473 ; train_acc_aux2: 99.678 ; train_acc_aux3: 99.730 ; train_acc_afm0: 99.461 ; train_acc_afm1: 99.461 ; train_acc_afm2: 99.465
2025-10-26 01:07:26,520:INFO: - Test metrics: test_loss: 6.895 ; test_true_loss: 5.369 ; test_group_ekd_loss: 1.019 ; test_group_dkd_loss: 0.276 ; test_contrastive_loss: 2.303 ; test_accTop1_target: 93.651 ; time: 3.197 ; test_acc_target: 93.651 ; test_acc_aux1: 93.740 ; test_acc_aux2: 93.898 ; test_acc_aux3: 93.987 ; test_accTop1_afm0: 93.631 ; test_accTop1_afm1: 93.631 ; test_accTop1_afm2: 93.621
2025-10-26 01:07:26,597:INFO: Epoch 256/300
2025-10-26 01:07:54,106:INFO: - Train metrics: train_loss: 7.221 ; train_true_loss: 4.540 ; train_group_ekd_loss: 2.001 ; train_group_dkd_loss: 0.449 ; train_contrastive_loss: 2.303 ; train_accTop1_target: 99.453 ; time: 27.507 ; train_acc_target: 99.453 ; train_acc_aux1: 99.469 ; train_acc_aux2: 99.678 ; train_acc_aux3: 99.700 ; train_acc_afm0: 99.485 ; train_acc_afm1: 99.485 ; train_acc_afm2: 99.485
2025-10-26 01:07:57,439:INFO: - Test metrics: test_loss: 6.835 ; test_true_loss: 5.310 ; test_group_ekd_loss: 1.020 ; test_group_dkd_loss: 0.274 ; test_contrastive_loss: 2.303 ; test_accTop1_target: 93.602 ; time: 3.331 ; test_acc_target: 93.602 ; test_acc_aux1: 93.631 ; test_acc_aux2: 93.968 ; test_acc_aux3: 94.136 ; test_accTop1_afm0: 93.720 ; test_accTop1_afm1: 93.730 ; test_accTop1_afm2: 93.730
2025-10-26 01:07:57,490:INFO: Epoch 257/300
2025-10-26 01:08:23,801:INFO: - Train metrics: train_loss: 7.277 ; train_true_loss: 4.590 ; train_group_ekd_loss: 2.008 ; train_group_dkd_loss: 0.448 ; train_contrastive_loss: 2.303 ; train_accTop1_target: 99.501 ; time: 26.310 ; train_acc_target: 99.501 ; train_acc_aux1: 99.539 ; train_acc_aux2: 99.668 ; train_acc_aux3: 99.724 ; train_acc_afm0: 99.523 ; train_acc_afm1: 99.523 ; train_acc_afm2: 99.525
2025-10-26 01:08:26,989:INFO: - Test metrics: test_loss: 6.915 ; test_true_loss: 5.389 ; test_group_ekd_loss: 1.018 ; test_group_dkd_loss: 0.277 ; test_contrastive_loss: 2.303 ; test_accTop1_target: 93.562 ; time: 3.183 ; test_acc_target: 93.562 ; test_acc_aux1: 93.809 ; test_acc_aux2: 93.968 ; test_acc_aux3: 94.235 ; test_accTop1_afm0: 93.701 ; test_accTop1_afm1: 93.701 ; test_accTop1_afm2: 93.691
2025-10-26 01:08:27,045:INFO: Epoch 258/300
2025-10-26 01:08:54,405:INFO: - Train metrics: train_loss: 7.214 ; train_true_loss: 4.535 ; train_group_ekd_loss: 2.003 ; train_group_dkd_loss: 0.446 ; train_contrastive_loss: 2.303 ; train_accTop1_target: 99.496 ; time: 27.358 ; train_acc_target: 99.496 ; train_acc_aux1: 99.519 ; train_acc_aux2: 99.730 ; train_acc_aux3: 99.746 ; train_acc_afm0: 99.532 ; train_acc_afm1: 99.532 ; train_acc_afm2: 99.532
2025-10-26 01:08:57,719:INFO: - Test metrics: test_loss: 6.847 ; test_true_loss: 5.327 ; test_group_ekd_loss: 1.014 ; test_group_dkd_loss: 0.276 ; test_contrastive_loss: 2.303 ; test_accTop1_target: 93.641 ; time: 3.312 ; test_acc_target: 93.641 ; test_acc_aux1: 93.780 ; test_acc_aux2: 93.879 ; test_acc_aux3: 93.997 ; test_accTop1_afm0: 93.740 ; test_accTop1_afm1: 93.740 ; test_accTop1_afm2: 93.740
2025-10-26 01:08:58,118:INFO: Epoch 259/300
2025-10-26 01:09:24,236:INFO: - Train metrics: train_loss: 7.231 ; train_true_loss: 4.547 ; train_group_ekd_loss: 2.005 ; train_group_dkd_loss: 0.449 ; train_contrastive_loss: 2.303 ; train_accTop1_target: 99.497 ; time: 26.117 ; train_acc_target: 99.497 ; train_acc_aux1: 99.548 ; train_acc_aux2: 99.723 ; train_acc_aux3: 99.742 ; train_acc_afm0: 99.523 ; train_acc_afm1: 99.523 ; train_acc_afm2: 99.525
2025-10-26 01:09:27,390:INFO: - Test metrics: test_loss: 6.892 ; test_true_loss: 5.365 ; test_group_ekd_loss: 1.018 ; test_group_dkd_loss: 0.278 ; test_contrastive_loss: 2.303 ; test_accTop1_target: 93.641 ; time: 3.152 ; test_acc_target: 93.641 ; test_acc_aux1: 93.681 ; test_acc_aux2: 93.987 ; test_acc_aux3: 94.057 ; test_accTop1_afm0: 93.730 ; test_accTop1_afm1: 93.730 ; test_accTop1_afm2: 93.750
2025-10-26 01:09:27,438:INFO: Epoch 260/300
2025-10-26 01:09:54,964:INFO: - Train metrics: train_loss: 7.266 ; train_true_loss: 4.578 ; train_group_ekd_loss: 2.010 ; train_group_dkd_loss: 0.448 ; train_contrastive_loss: 2.303 ; train_accTop1_target: 99.520 ; time: 27.525 ; train_acc_target: 99.520 ; train_acc_aux1: 99.542 ; train_acc_aux2: 99.740 ; train_acc_aux3: 99.724 ; train_acc_afm0: 99.548 ; train_acc_afm1: 99.550 ; train_acc_afm2: 99.550
2025-10-26 01:09:58,156:INFO: - Test metrics: test_loss: 6.912 ; test_true_loss: 5.383 ; test_group_ekd_loss: 1.019 ; test_group_dkd_loss: 0.280 ; test_contrastive_loss: 2.303 ; test_accTop1_target: 93.552 ; time: 3.189 ; test_acc_target: 93.552 ; test_acc_aux1: 93.898 ; test_acc_aux2: 94.146 ; test_acc_aux3: 94.136 ; test_accTop1_afm0: 93.740 ; test_accTop1_afm1: 93.740 ; test_accTop1_afm2: 93.730
2025-10-26 01:09:58,209:INFO: Epoch 261/300
2025-10-26 01:10:24,399:INFO: - Train metrics: train_loss: 7.214 ; train_true_loss: 4.533 ; train_group_ekd_loss: 2.004 ; train_group_dkd_loss: 0.447 ; train_contrastive_loss: 2.303 ; train_accTop1_target: 99.502 ; time: 26.189 ; train_acc_target: 99.502 ; train_acc_aux1: 99.546 ; train_acc_aux2: 99.750 ; train_acc_aux3: 99.746 ; train_acc_afm0: 99.538 ; train_acc_afm1: 99.538 ; train_acc_afm2: 99.542
2025-10-26 01:10:27,596:INFO: - Test metrics: test_loss: 6.897 ; test_true_loss: 5.362 ; test_group_ekd_loss: 1.022 ; test_group_dkd_loss: 0.283 ; test_contrastive_loss: 2.303 ; test_accTop1_target: 93.552 ; time: 3.194 ; test_acc_target: 93.552 ; test_acc_aux1: 93.869 ; test_acc_aux2: 94.116 ; test_acc_aux3: 94.235 ; test_accTop1_afm0: 93.740 ; test_accTop1_afm1: 93.740 ; test_accTop1_afm2: 93.740
2025-10-26 01:10:27,644:INFO: Epoch 262/300
2025-10-26 01:10:54,679:INFO: - Train metrics: train_loss: 7.238 ; train_true_loss: 4.555 ; train_group_ekd_loss: 2.007 ; train_group_dkd_loss: 0.446 ; train_contrastive_loss: 2.303 ; train_accTop1_target: 99.572 ; time: 27.033 ; train_acc_target: 99.572 ; train_acc_aux1: 99.588 ; train_acc_aux2: 99.690 ; train_acc_aux3: 99.770 ; train_acc_afm0: 99.596 ; train_acc_afm1: 99.596 ; train_acc_afm2: 99.596
2025-10-26 01:10:57,867:INFO: - Test metrics: test_loss: 6.900 ; test_true_loss: 5.378 ; test_group_ekd_loss: 1.012 ; test_group_dkd_loss: 0.280 ; test_contrastive_loss: 2.303 ; test_accTop1_target: 93.691 ; time: 3.186 ; test_acc_target: 93.691 ; test_acc_aux1: 93.770 ; test_acc_aux2: 94.136 ; test_acc_aux3: 94.146 ; test_accTop1_afm0: 93.809 ; test_accTop1_afm1: 93.809 ; test_accTop1_afm2: 93.829
2025-10-26 01:10:57,930:INFO: Epoch 263/300
2025-10-26 01:11:24,162:INFO: - Train metrics: train_loss: 7.222 ; train_true_loss: 4.539 ; train_group_ekd_loss: 2.005 ; train_group_dkd_loss: 0.447 ; train_contrastive_loss: 2.303 ; train_accTop1_target: 99.513 ; time: 26.231 ; train_acc_target: 99.513 ; train_acc_aux1: 99.582 ; train_acc_aux2: 99.714 ; train_acc_aux3: 99.758 ; train_acc_afm0: 99.530 ; train_acc_afm1: 99.532 ; train_acc_afm2: 99.536
2025-10-26 01:11:27,445:INFO: - Test metrics: test_loss: 6.882 ; test_true_loss: 5.366 ; test_group_ekd_loss: 1.009 ; test_group_dkd_loss: 0.278 ; test_contrastive_loss: 2.303 ; test_accTop1_target: 93.493 ; time: 3.279 ; test_acc_target: 93.493 ; test_acc_aux1: 93.958 ; test_acc_aux2: 94.066 ; test_acc_aux3: 94.185 ; test_accTop1_afm0: 93.612 ; test_accTop1_afm1: 93.621 ; test_accTop1_afm2: 93.631
2025-10-26 01:11:27,627:INFO: Epoch 264/300
2025-10-26 01:11:54,312:INFO: - Train metrics: train_loss: 7.229 ; train_true_loss: 4.546 ; train_group_ekd_loss: 2.005 ; train_group_dkd_loss: 0.448 ; train_contrastive_loss: 2.303 ; train_accTop1_target: 99.576 ; time: 26.682 ; train_acc_target: 99.576 ; train_acc_aux1: 99.568 ; train_acc_aux2: 99.755 ; train_acc_aux3: 99.781 ; train_acc_afm0: 99.594 ; train_acc_afm1: 99.596 ; train_acc_afm2: 99.596
2025-10-26 01:11:57,485:INFO: - Test metrics: test_loss: 6.904 ; test_true_loss: 5.379 ; test_group_ekd_loss: 1.013 ; test_group_dkd_loss: 0.282 ; test_contrastive_loss: 2.303 ; test_accTop1_target: 93.671 ; time: 3.169 ; test_acc_target: 93.671 ; test_acc_aux1: 93.730 ; test_acc_aux2: 93.997 ; test_acc_aux3: 94.175 ; test_accTop1_afm0: 93.720 ; test_accTop1_afm1: 93.720 ; test_accTop1_afm2: 93.720
2025-10-26 01:11:57,606:INFO: Epoch 265/300
2025-10-26 01:12:23,773:INFO: - Train metrics: train_loss: 7.218 ; train_true_loss: 4.537 ; train_group_ekd_loss: 2.003 ; train_group_dkd_loss: 0.447 ; train_contrastive_loss: 2.303 ; train_accTop1_target: 99.488 ; time: 26.166 ; train_acc_target: 99.488 ; train_acc_aux1: 99.577 ; train_acc_aux2: 99.725 ; train_acc_aux3: 99.725 ; train_acc_afm0: 99.506 ; train_acc_afm1: 99.506 ; train_acc_afm2: 99.506
2025-10-26 01:12:27,555:INFO: - Test metrics: test_loss: 6.888 ; test_true_loss: 5.353 ; test_group_ekd_loss: 1.022 ; test_group_dkd_loss: 0.284 ; test_contrastive_loss: 2.303 ; test_accTop1_target: 93.592 ; time: 3.780 ; test_acc_target: 93.592 ; test_acc_aux1: 93.859 ; test_acc_aux2: 93.839 ; test_acc_aux3: 93.918 ; test_accTop1_afm0: 93.730 ; test_accTop1_afm1: 93.730 ; test_accTop1_afm2: 93.730
2025-10-26 01:12:27,612:INFO: Epoch 266/300
2025-10-26 01:12:54,697:INFO: - Train metrics: train_loss: 7.245 ; train_true_loss: 4.560 ; train_group_ekd_loss: 2.006 ; train_group_dkd_loss: 0.448 ; train_contrastive_loss: 2.303 ; train_accTop1_target: 99.544 ; time: 27.084 ; train_acc_target: 99.544 ; train_acc_aux1: 99.536 ; train_acc_aux2: 99.750 ; train_acc_aux3: 99.738 ; train_acc_afm0: 99.572 ; train_acc_afm1: 99.572 ; train_acc_afm2: 99.576
2025-10-26 01:12:57,877:INFO: - Test metrics: test_loss: 6.895 ; test_true_loss: 5.357 ; test_group_ekd_loss: 1.024 ; test_group_dkd_loss: 0.284 ; test_contrastive_loss: 2.303 ; test_accTop1_target: 93.641 ; time: 3.177 ; test_acc_target: 93.641 ; test_acc_aux1: 93.908 ; test_acc_aux2: 94.076 ; test_acc_aux3: 94.066 ; test_accTop1_afm0: 93.730 ; test_accTop1_afm1: 93.730 ; test_accTop1_afm2: 93.730
2025-10-26 01:12:58,298:INFO: Epoch 267/300
2025-10-26 01:13:24,663:INFO: - Train metrics: train_loss: 7.242 ; train_true_loss: 4.555 ; train_group_ekd_loss: 2.008 ; train_group_dkd_loss: 0.448 ; train_contrastive_loss: 2.303 ; train_accTop1_target: 99.522 ; time: 26.363 ; train_acc_target: 99.522 ; train_acc_aux1: 99.534 ; train_acc_aux2: 99.690 ; train_acc_aux3: 99.750 ; train_acc_afm0: 99.542 ; train_acc_afm1: 99.542 ; train_acc_afm2: 99.542
2025-10-26 01:13:27,900:INFO: - Test metrics: test_loss: 6.906 ; test_true_loss: 5.390 ; test_group_ekd_loss: 1.008 ; test_group_dkd_loss: 0.277 ; test_contrastive_loss: 2.303 ; test_accTop1_target: 93.473 ; time: 3.234 ; test_acc_target: 93.473 ; test_acc_aux1: 93.542 ; test_acc_aux2: 94.165 ; test_acc_aux3: 93.938 ; test_accTop1_afm0: 93.612 ; test_accTop1_afm1: 93.612 ; test_accTop1_afm2: 93.612
2025-10-26 01:13:27,957:INFO: Epoch 268/300
2025-10-26 01:13:54,330:INFO: - Train metrics: train_loss: 7.214 ; train_true_loss: 4.531 ; train_group_ekd_loss: 2.005 ; train_group_dkd_loss: 0.448 ; train_contrastive_loss: 2.303 ; train_accTop1_target: 99.522 ; time: 26.371 ; train_acc_target: 99.522 ; train_acc_aux1: 99.582 ; train_acc_aux2: 99.766 ; train_acc_aux3: 99.778 ; train_acc_afm0: 99.554 ; train_acc_afm1: 99.554 ; train_acc_afm2: 99.554
2025-10-26 01:13:57,508:INFO: - Test metrics: test_loss: 6.896 ; test_true_loss: 5.382 ; test_group_ekd_loss: 1.005 ; test_group_dkd_loss: 0.278 ; test_contrastive_loss: 2.303 ; test_accTop1_target: 93.434 ; time: 3.176 ; test_acc_target: 93.434 ; test_acc_aux1: 93.908 ; test_acc_aux2: 93.987 ; test_acc_aux3: 93.918 ; test_accTop1_afm0: 93.562 ; test_accTop1_afm1: 93.562 ; test_accTop1_afm2: 93.562
2025-10-26 01:13:57,568:INFO: Epoch 269/300
2025-10-26 01:14:24,340:INFO: - Train metrics: train_loss: 7.198 ; train_true_loss: 4.517 ; train_group_ekd_loss: 2.004 ; train_group_dkd_loss: 0.446 ; train_contrastive_loss: 2.303 ; train_accTop1_target: 99.576 ; time: 26.771 ; train_acc_target: 99.576 ; train_acc_aux1: 99.577 ; train_acc_aux2: 99.783 ; train_acc_aux3: 99.782 ; train_acc_afm0: 99.604 ; train_acc_afm1: 99.602 ; train_acc_afm2: 99.604
2025-10-26 01:14:27,603:INFO: - Test metrics: test_loss: 6.869 ; test_true_loss: 5.324 ; test_group_ekd_loss: 1.022 ; test_group_dkd_loss: 0.293 ; test_contrastive_loss: 2.303 ; test_accTop1_target: 93.483 ; time: 3.261 ; test_acc_target: 93.483 ; test_acc_aux1: 93.809 ; test_acc_aux2: 94.096 ; test_acc_aux3: 93.938 ; test_accTop1_afm0: 93.612 ; test_accTop1_afm1: 93.621 ; test_accTop1_afm2: 93.641
2025-10-26 01:14:27,657:INFO: Epoch 270/300
2025-10-26 01:14:54,196:INFO: - Train metrics: train_loss: 7.263 ; train_true_loss: 4.575 ; train_group_ekd_loss: 2.010 ; train_group_dkd_loss: 0.447 ; train_contrastive_loss: 2.303 ; train_accTop1_target: 99.565 ; time: 26.538 ; train_acc_target: 99.565 ; train_acc_aux1: 99.596 ; train_acc_aux2: 99.729 ; train_acc_aux3: 99.766 ; train_acc_afm0: 99.599 ; train_acc_afm1: 99.599 ; train_acc_afm2: 99.599
2025-10-26 01:14:57,387:INFO: - Test metrics: test_loss: 6.912 ; test_true_loss: 5.352 ; test_group_ekd_loss: 1.034 ; test_group_dkd_loss: 0.296 ; test_contrastive_loss: 2.303 ; test_accTop1_target: 93.602 ; time: 3.188 ; test_acc_target: 93.602 ; test_acc_aux1: 93.987 ; test_acc_aux2: 94.066 ; test_acc_aux3: 93.898 ; test_accTop1_afm0: 93.720 ; test_accTop1_afm1: 93.720 ; test_accTop1_afm2: 93.710
2025-10-26 01:14:57,441:INFO: Epoch 271/300
2025-10-26 01:15:23,932:INFO: - Train metrics: train_loss: 7.255 ; train_true_loss: 4.568 ; train_group_ekd_loss: 2.008 ; train_group_dkd_loss: 0.448 ; train_contrastive_loss: 2.303 ; train_accTop1_target: 99.570 ; time: 26.488 ; train_acc_target: 99.570 ; train_acc_aux1: 99.559 ; train_acc_aux2: 99.753 ; train_acc_aux3: 99.773 ; train_acc_afm0: 99.604 ; train_acc_afm1: 99.604 ; train_acc_afm2: 99.604
2025-10-26 01:15:27,192:INFO: - Test metrics: test_loss: 6.924 ; test_true_loss: 5.383 ; test_group_ekd_loss: 1.023 ; test_group_dkd_loss: 0.288 ; test_contrastive_loss: 2.303 ; test_accTop1_target: 93.453 ; time: 3.256 ; test_acc_target: 93.453 ; test_acc_aux1: 93.790 ; test_acc_aux2: 94.106 ; test_acc_aux3: 93.948 ; test_accTop1_afm0: 93.602 ; test_accTop1_afm1: 93.602 ; test_accTop1_afm2: 93.602
2025-10-26 01:15:27,260:INFO: Epoch 272/300
2025-10-26 01:15:54,239:INFO: - Train metrics: train_loss: 7.210 ; train_true_loss: 4.527 ; train_group_ekd_loss: 2.006 ; train_group_dkd_loss: 0.447 ; train_contrastive_loss: 2.303 ; train_accTop1_target: 99.584 ; time: 26.977 ; train_acc_target: 99.584 ; train_acc_aux1: 99.566 ; train_acc_aux2: 99.762 ; train_acc_aux3: 99.764 ; train_acc_afm0: 99.620 ; train_acc_afm1: 99.622 ; train_acc_afm2: 99.622
2025-10-26 01:15:57,412:INFO: - Test metrics: test_loss: 6.901 ; test_true_loss: 5.363 ; test_group_ekd_loss: 1.016 ; test_group_dkd_loss: 0.291 ; test_contrastive_loss: 2.303 ; test_accTop1_target: 93.325 ; time: 3.171 ; test_acc_target: 93.325 ; test_acc_aux1: 93.829 ; test_acc_aux2: 94.136 ; test_acc_aux3: 94.066 ; test_accTop1_afm0: 93.532 ; test_accTop1_afm1: 93.532 ; test_accTop1_afm2: 93.542
2025-10-26 01:15:57,797:INFO: Epoch 273/300
2025-10-26 01:16:24,927:INFO: - Train metrics: train_loss: 7.224 ; train_true_loss: 4.536 ; train_group_ekd_loss: 2.010 ; train_group_dkd_loss: 0.448 ; train_contrastive_loss: 2.303 ; train_accTop1_target: 99.606 ; time: 27.128 ; train_acc_target: 99.606 ; train_acc_aux1: 99.624 ; train_acc_aux2: 99.802 ; train_acc_aux3: 99.792 ; train_acc_afm0: 99.636 ; train_acc_afm1: 99.638 ; train_acc_afm2: 99.638
2025-10-26 01:16:28,136:INFO: - Test metrics: test_loss: 6.936 ; test_true_loss: 5.412 ; test_group_ekd_loss: 1.009 ; test_group_dkd_loss: 0.284 ; test_contrastive_loss: 2.303 ; test_accTop1_target: 93.295 ; time: 3.207 ; test_acc_target: 93.295 ; test_acc_aux1: 93.790 ; test_acc_aux2: 94.106 ; test_acc_aux3: 93.968 ; test_accTop1_afm0: 93.424 ; test_accTop1_afm1: 93.434 ; test_accTop1_afm2: 93.424
2025-10-26 01:16:28,466:INFO: Epoch 274/300
2025-10-26 01:16:55,603:INFO: - Train metrics: train_loss: 7.199 ; train_true_loss: 4.518 ; train_group_ekd_loss: 2.004 ; train_group_dkd_loss: 0.447 ; train_contrastive_loss: 2.303 ; train_accTop1_target: 99.588 ; time: 27.136 ; train_acc_target: 99.588 ; train_acc_aux1: 99.607 ; train_acc_aux2: 99.808 ; train_acc_aux3: 99.802 ; train_acc_afm0: 99.618 ; train_acc_afm1: 99.618 ; train_acc_afm2: 99.618
2025-10-26 01:16:58,792:INFO: - Test metrics: test_loss: 6.876 ; test_true_loss: 5.333 ; test_group_ekd_loss: 1.020 ; test_group_dkd_loss: 0.292 ; test_contrastive_loss: 2.303 ; test_accTop1_target: 93.582 ; time: 3.186 ; test_acc_target: 93.582 ; test_acc_aux1: 93.572 ; test_acc_aux2: 94.146 ; test_acc_aux3: 94.096 ; test_accTop1_afm0: 93.701 ; test_accTop1_afm1: 93.701 ; test_accTop1_afm2: 93.701
2025-10-26 01:16:58,851:INFO: Epoch 275/300
2025-10-26 01:17:26,259:INFO: - Train metrics: train_loss: 7.232 ; train_true_loss: 4.545 ; train_group_ekd_loss: 2.012 ; train_group_dkd_loss: 0.445 ; train_contrastive_loss: 2.303 ; train_accTop1_target: 99.634 ; time: 27.407 ; train_acc_target: 99.634 ; train_acc_aux1: 99.662 ; train_acc_aux2: 99.774 ; train_acc_aux3: 99.812 ; train_acc_afm0: 99.656 ; train_acc_afm1: 99.656 ; train_acc_afm2: 99.658
2025-10-26 01:17:29,512:INFO: - Test metrics: test_loss: 6.896 ; test_true_loss: 5.355 ; test_group_ekd_loss: 1.021 ; test_group_dkd_loss: 0.289 ; test_contrastive_loss: 2.303 ; test_accTop1_target: 93.641 ; time: 3.251 ; test_acc_target: 93.641 ; test_acc_aux1: 93.730 ; test_acc_aux2: 93.839 ; test_acc_aux3: 93.770 ; test_accTop1_afm0: 93.799 ; test_accTop1_afm1: 93.799 ; test_accTop1_afm2: 93.799
2025-10-26 01:17:29,570:INFO: Epoch 276/300
2025-10-26 01:17:56,028:INFO: - Train metrics: train_loss: 7.210 ; train_true_loss: 4.522 ; train_group_ekd_loss: 2.009 ; train_group_dkd_loss: 0.449 ; train_contrastive_loss: 2.303 ; train_accTop1_target: 99.652 ; time: 26.457 ; train_acc_target: 99.652 ; train_acc_aux1: 99.579 ; train_acc_aux2: 99.743 ; train_acc_aux3: 99.838 ; train_acc_afm0: 99.668 ; train_acc_afm1: 99.666 ; train_acc_afm2: 99.668
2025-10-26 01:17:59,175:INFO: - Test metrics: test_loss: 6.909 ; test_true_loss: 5.361 ; test_group_ekd_loss: 1.022 ; test_group_dkd_loss: 0.295 ; test_contrastive_loss: 2.303 ; test_accTop1_target: 93.394 ; time: 3.145 ; test_acc_target: 93.394 ; test_acc_aux1: 93.938 ; test_acc_aux2: 94.027 ; test_acc_aux3: 94.126 ; test_accTop1_afm0: 93.592 ; test_accTop1_afm1: 93.592 ; test_accTop1_afm2: 93.592
2025-10-26 01:17:59,232:INFO: Epoch 277/300
2025-10-26 01:18:25,604:INFO: - Train metrics: train_loss: 7.231 ; train_true_loss: 4.546 ; train_group_ekd_loss: 2.007 ; train_group_dkd_loss: 0.448 ; train_contrastive_loss: 2.303 ; train_accTop1_target: 99.588 ; time: 26.371 ; train_acc_target: 99.588 ; train_acc_aux1: 99.608 ; train_acc_aux2: 99.784 ; train_acc_aux3: 99.758 ; train_acc_afm0: 99.614 ; train_acc_afm1: 99.614 ; train_acc_afm2: 99.614
2025-10-26 01:18:28,795:INFO: - Test metrics: test_loss: 6.928 ; test_true_loss: 5.357 ; test_group_ekd_loss: 1.034 ; test_group_dkd_loss: 0.307 ; test_contrastive_loss: 2.303 ; test_accTop1_target: 93.661 ; time: 3.188 ; test_acc_target: 93.661 ; test_acc_aux1: 93.463 ; test_acc_aux2: 93.849 ; test_acc_aux3: 93.918 ; test_accTop1_afm0: 93.898 ; test_accTop1_afm1: 93.898 ; test_accTop1_afm2: 93.888
2025-10-26 01:18:29,112:INFO: Epoch 278/300
2025-10-26 01:18:55,506:INFO: - Train metrics: train_loss: 7.237 ; train_true_loss: 4.548 ; train_group_ekd_loss: 2.009 ; train_group_dkd_loss: 0.450 ; train_contrastive_loss: 2.303 ; train_accTop1_target: 99.596 ; time: 26.392 ; train_acc_target: 99.596 ; train_acc_aux1: 99.584 ; train_acc_aux2: 99.773 ; train_acc_aux3: 99.823 ; train_acc_afm0: 99.623 ; train_acc_afm1: 99.623 ; train_acc_afm2: 99.625
2025-10-26 01:18:58,670:INFO: - Test metrics: test_loss: 6.941 ; test_true_loss: 5.405 ; test_group_ekd_loss: 1.010 ; test_group_dkd_loss: 0.296 ; test_contrastive_loss: 2.303 ; test_accTop1_target: 93.463 ; time: 3.161 ; test_acc_target: 93.463 ; test_acc_aux1: 93.760 ; test_acc_aux2: 94.047 ; test_acc_aux3: 93.839 ; test_accTop1_afm0: 93.612 ; test_accTop1_afm1: 93.612 ; test_accTop1_afm2: 93.612
2025-10-26 01:18:58,770:INFO: Epoch 279/300
2025-10-26 01:19:26,018:INFO: - Train metrics: train_loss: 7.215 ; train_true_loss: 4.531 ; train_group_ekd_loss: 2.007 ; train_group_dkd_loss: 0.447 ; train_contrastive_loss: 2.303 ; train_accTop1_target: 99.626 ; time: 27.246 ; train_acc_target: 99.626 ; train_acc_aux1: 99.610 ; train_acc_aux2: 99.781 ; train_acc_aux3: 99.798 ; train_acc_afm0: 99.644 ; train_acc_afm1: 99.644 ; train_acc_afm2: 99.644
2025-10-26 01:19:29,336:INFO: - Test metrics: test_loss: 6.911 ; test_true_loss: 5.359 ; test_group_ekd_loss: 1.028 ; test_group_dkd_loss: 0.294 ; test_contrastive_loss: 2.303 ; test_accTop1_target: 93.513 ; time: 3.312 ; test_acc_target: 93.513 ; test_acc_aux1: 93.661 ; test_acc_aux2: 93.977 ; test_acc_aux3: 93.968 ; test_accTop1_afm0: 93.691 ; test_accTop1_afm1: 93.691 ; test_accTop1_afm2: 93.701
2025-10-26 01:19:29,390:INFO: Epoch 280/300
2025-10-26 01:19:55,805:INFO: - Train metrics: train_loss: 7.224 ; train_true_loss: 4.535 ; train_group_ekd_loss: 2.010 ; train_group_dkd_loss: 0.449 ; train_contrastive_loss: 2.303 ; train_accTop1_target: 99.606 ; time: 26.414 ; train_acc_target: 99.606 ; train_acc_aux1: 99.593 ; train_acc_aux2: 99.770 ; train_acc_aux3: 99.777 ; train_acc_afm0: 99.628 ; train_acc_afm1: 99.628 ; train_acc_afm2: 99.628
2025-10-26 01:19:58,950:INFO: - Test metrics: test_loss: 6.929 ; test_true_loss: 5.386 ; test_group_ekd_loss: 1.017 ; test_group_dkd_loss: 0.296 ; test_contrastive_loss: 2.303 ; test_accTop1_target: 93.503 ; time: 3.142 ; test_acc_target: 93.503 ; test_acc_aux1: 93.770 ; test_acc_aux2: 94.076 ; test_acc_aux3: 93.948 ; test_accTop1_afm0: 93.582 ; test_accTop1_afm1: 93.582 ; test_accTop1_afm2: 93.592
2025-10-26 01:19:59,006:INFO: Epoch 281/300
2025-10-26 01:20:26,388:INFO: - Train metrics: train_loss: 7.233 ; train_true_loss: 4.547 ; train_group_ekd_loss: 2.008 ; train_group_dkd_loss: 0.447 ; train_contrastive_loss: 2.303 ; train_accTop1_target: 99.592 ; time: 27.379 ; train_acc_target: 99.592 ; train_acc_aux1: 99.590 ; train_acc_aux2: 99.742 ; train_acc_aux3: 99.764 ; train_acc_afm0: 99.610 ; train_acc_afm1: 99.610 ; train_acc_afm2: 99.612
2025-10-26 01:20:29,595:INFO: - Test metrics: test_loss: 6.931 ; test_true_loss: 5.389 ; test_group_ekd_loss: 1.020 ; test_group_dkd_loss: 0.292 ; test_contrastive_loss: 2.303 ; test_accTop1_target: 93.542 ; time: 3.204 ; test_acc_target: 93.542 ; test_acc_aux1: 93.710 ; test_acc_aux2: 94.017 ; test_acc_aux3: 94.096 ; test_accTop1_afm0: 93.602 ; test_accTop1_afm1: 93.602 ; test_accTop1_afm2: 93.602
2025-10-26 01:20:29,663:INFO: Epoch 282/300
2025-10-26 01:20:56,447:INFO: - Train metrics: train_loss: 7.194 ; train_true_loss: 4.510 ; train_group_ekd_loss: 2.006 ; train_group_dkd_loss: 0.448 ; train_contrastive_loss: 2.303 ; train_accTop1_target: 99.635 ; time: 26.783 ; train_acc_target: 99.635 ; train_acc_aux1: 99.642 ; train_acc_aux2: 99.798 ; train_acc_aux3: 99.801 ; train_acc_afm0: 99.661 ; train_acc_afm1: 99.661 ; train_acc_afm2: 99.663
2025-10-26 01:20:59,756:INFO: - Test metrics: test_loss: 6.922 ; test_true_loss: 5.391 ; test_group_ekd_loss: 1.011 ; test_group_dkd_loss: 0.290 ; test_contrastive_loss: 2.303 ; test_accTop1_target: 93.374 ; time: 3.197 ; test_acc_target: 93.374 ; test_acc_aux1: 93.641 ; test_acc_aux2: 94.017 ; test_acc_aux3: 93.968 ; test_accTop1_afm0: 93.612 ; test_accTop1_afm1: 93.612 ; test_accTop1_afm2: 93.621
2025-10-26 01:21:00,241:INFO: Epoch 283/300
2025-10-26 03:34:45,127:INFO: - Train metrics: train_loss: 7.236 ; train_true_loss: 4.546 ; train_group_ekd_loss: 2.010 ; train_group_dkd_loss: 0.449 ; train_contrastive_loss: 2.303 ; train_accTop1_target: 99.554 ; time: 8024.834 ; train_acc_target: 99.554 ; train_acc_aux1: 99.634 ; train_acc_aux2: 99.811 ; train_acc_aux3: 99.813 ; train_acc_afm0: 99.586 ; train_acc_afm1: 99.586 ; train_acc_afm2: 99.590
2025-10-26 03:57:28,953:INFO: - Test metrics: test_loss: 6.917 ; test_true_loss: 5.382 ; test_group_ekd_loss: 1.012 ; test_group_dkd_loss: 0.292 ; test_contrastive_loss: 2.303 ; test_accTop1_target: 93.483 ; time: 1363.785 ; test_acc_target: 93.483 ; test_acc_aux1: 93.859 ; test_acc_aux2: 94.244 ; test_acc_aux3: 93.958 ; test_accTop1_afm0: 93.641 ; test_accTop1_afm1: 93.641 ; test_accTop1_afm2: 93.641
2025-10-26 03:57:29,594:INFO: Epoch 284/300
2025-10-26 04:56:25,614:INFO: - Train metrics: train_loss: 7.219 ; train_true_loss: 4.538 ; train_group_ekd_loss: 2.003 ; train_group_dkd_loss: 0.448 ; train_contrastive_loss: 2.303 ; train_accTop1_target: 99.604 ; time: 3536.007 ; train_acc_target: 99.604 ; train_acc_aux1: 99.583 ; train_acc_aux2: 99.778 ; train_acc_aux3: 99.794 ; train_acc_afm0: 99.622 ; train_acc_afm1: 99.622 ; train_acc_afm2: 99.622
2025-10-26 04:56:28,776:INFO: - Test metrics: test_loss: 6.927 ; test_true_loss: 5.371 ; test_group_ekd_loss: 1.026 ; test_group_dkd_loss: 0.300 ; test_contrastive_loss: 2.303 ; test_accTop1_target: 93.424 ; time: 3.159 ; test_acc_target: 93.424 ; test_acc_aux1: 93.483 ; test_acc_aux2: 94.165 ; test_acc_aux3: 93.829 ; test_accTop1_afm0: 93.374 ; test_accTop1_afm1: 93.374 ; test_accTop1_afm2: 93.374
2025-10-26 04:56:28,863:INFO: Epoch 285/300
2025-10-26 04:56:55,137:INFO: - Train metrics: train_loss: 7.229 ; train_true_loss: 4.541 ; train_group_ekd_loss: 2.010 ; train_group_dkd_loss: 0.448 ; train_contrastive_loss: 2.303 ; train_accTop1_target: 99.636 ; time: 26.272 ; train_acc_target: 99.636 ; train_acc_aux1: 99.650 ; train_acc_aux2: 99.794 ; train_acc_aux3: 99.805 ; train_acc_afm0: 99.646 ; train_acc_afm1: 99.646 ; train_acc_afm2: 99.646
2025-10-26 04:56:58,277:INFO: - Test metrics: test_loss: 6.926 ; test_true_loss: 5.385 ; test_group_ekd_loss: 1.019 ; test_group_dkd_loss: 0.292 ; test_contrastive_loss: 2.303 ; test_accTop1_target: 93.582 ; time: 3.137 ; test_acc_target: 93.582 ; test_acc_aux1: 93.681 ; test_acc_aux2: 94.195 ; test_acc_aux3: 93.948 ; test_accTop1_afm0: 93.671 ; test_accTop1_afm1: 93.671 ; test_accTop1_afm2: 93.671
2025-10-26 04:56:58,734:INFO: Epoch 286/300
2025-10-26 04:57:24,087:INFO: - Train metrics: train_loss: 7.198 ; train_true_loss: 4.513 ; train_group_ekd_loss: 2.010 ; train_group_dkd_loss: 0.445 ; train_contrastive_loss: 2.303 ; train_accTop1_target: 99.670 ; time: 25.350 ; train_acc_target: 99.670 ; train_acc_aux1: 99.728 ; train_acc_aux2: 99.836 ; train_acc_aux3: 99.830 ; train_acc_afm0: 99.700 ; train_acc_afm1: 99.700 ; train_acc_afm2: 99.700
2025-10-26 04:57:27,229:INFO: - Test metrics: test_loss: 6.902 ; test_true_loss: 5.354 ; test_group_ekd_loss: 1.020 ; test_group_dkd_loss: 0.298 ; test_contrastive_loss: 2.303 ; test_accTop1_target: 93.799 ; time: 3.140 ; test_acc_target: 93.799 ; test_acc_aux1: 93.879 ; test_acc_aux2: 94.205 ; test_acc_aux3: 93.968 ; test_accTop1_afm0: 93.849 ; test_accTop1_afm1: 93.849 ; test_accTop1_afm2: 93.859
2025-10-26 04:57:28,652:INFO: Epoch 287/300
2025-10-26 04:57:53,937:INFO: - Train metrics: train_loss: 7.212 ; train_true_loss: 4.523 ; train_group_ekd_loss: 2.010 ; train_group_dkd_loss: 0.449 ; train_contrastive_loss: 2.303 ; train_accTop1_target: 99.658 ; time: 25.281 ; train_acc_target: 99.658 ; train_acc_aux1: 99.637 ; train_acc_aux2: 99.780 ; train_acc_aux3: 99.824 ; train_acc_afm0: 99.698 ; train_acc_afm1: 99.698 ; train_acc_afm2: 99.698
2025-10-26 04:57:57,075:INFO: - Test metrics: test_loss: 6.941 ; test_true_loss: 5.384 ; test_group_ekd_loss: 1.020 ; test_group_dkd_loss: 0.307 ; test_contrastive_loss: 2.303 ; test_accTop1_target: 93.513 ; time: 3.135 ; test_acc_target: 93.513 ; test_acc_aux1: 93.869 ; test_acc_aux2: 94.096 ; test_acc_aux3: 94.155 ; test_accTop1_afm0: 93.691 ; test_accTop1_afm1: 93.691 ; test_accTop1_afm2: 93.691
2025-10-26 04:57:57,596:INFO: Epoch 288/300
2025-10-26 04:58:22,907:INFO: - Train metrics: train_loss: 7.200 ; train_true_loss: 4.515 ; train_group_ekd_loss: 2.008 ; train_group_dkd_loss: 0.447 ; train_contrastive_loss: 2.303 ; train_accTop1_target: 99.626 ; time: 25.309 ; train_acc_target: 99.626 ; train_acc_aux1: 99.676 ; train_acc_aux2: 99.778 ; train_acc_aux3: 99.806 ; train_acc_afm0: 99.658 ; train_acc_afm1: 99.660 ; train_acc_afm2: 99.660
2025-10-26 04:58:26,013:INFO: - Test metrics: test_loss: 6.949 ; test_true_loss: 5.386 ; test_group_ekd_loss: 1.026 ; test_group_dkd_loss: 0.307 ; test_contrastive_loss: 2.303 ; test_accTop1_target: 93.483 ; time: 3.103 ; test_acc_target: 93.483 ; test_acc_aux1: 93.651 ; test_acc_aux2: 94.086 ; test_acc_aux3: 93.898 ; test_accTop1_afm0: 93.513 ; test_accTop1_afm1: 93.503 ; test_accTop1_afm2: 93.513
2025-10-26 04:58:26,286:INFO: Epoch 289/300
2025-10-26 04:58:51,642:INFO: - Train metrics: train_loss: 7.238 ; train_true_loss: 4.551 ; train_group_ekd_loss: 2.011 ; train_group_dkd_loss: 0.446 ; train_contrastive_loss: 2.303 ; train_accTop1_target: 99.635 ; time: 25.352 ; train_acc_target: 99.635 ; train_acc_aux1: 99.637 ; train_acc_aux2: 99.793 ; train_acc_aux3: 99.793 ; train_acc_afm0: 99.661 ; train_acc_afm1: 99.663 ; train_acc_afm2: 99.663
2025-10-26 04:58:54,752:INFO: - Test metrics: test_loss: 6.961 ; test_true_loss: 5.399 ; test_group_ekd_loss: 1.025 ; test_group_dkd_loss: 0.306 ; test_contrastive_loss: 2.303 ; test_accTop1_target: 93.394 ; time: 3.108 ; test_acc_target: 93.394 ; test_acc_aux1: 93.631 ; test_acc_aux2: 94.066 ; test_acc_aux3: 93.829 ; test_accTop1_afm0: 93.572 ; test_accTop1_afm1: 93.582 ; test_accTop1_afm2: 93.592
2025-10-26 04:58:54,975:INFO: Epoch 290/300
2025-10-26 04:59:20,260:INFO: - Train metrics: train_loss: 7.202 ; train_true_loss: 4.516 ; train_group_ekd_loss: 2.008 ; train_group_dkd_loss: 0.448 ; train_contrastive_loss: 2.303 ; train_accTop1_target: 99.650 ; time: 25.282 ; train_acc_target: 99.650 ; train_acc_aux1: 99.686 ; train_acc_aux2: 99.798 ; train_acc_aux3: 99.840 ; train_acc_afm0: 99.692 ; train_acc_afm1: 99.692 ; train_acc_afm2: 99.692
2025-10-26 04:59:23,387:INFO: - Test metrics: test_loss: 6.926 ; test_true_loss: 5.374 ; test_group_ekd_loss: 1.020 ; test_group_dkd_loss: 0.301 ; test_contrastive_loss: 2.303 ; test_accTop1_target: 93.671 ; time: 3.124 ; test_acc_target: 93.671 ; test_acc_aux1: 93.691 ; test_acc_aux2: 94.007 ; test_acc_aux3: 93.888 ; test_accTop1_afm0: 93.829 ; test_accTop1_afm1: 93.829 ; test_accTop1_afm2: 93.829
2025-10-26 04:59:23,641:INFO: Epoch 291/300
2025-10-26 04:59:49,018:INFO: - Train metrics: train_loss: 7.200 ; train_true_loss: 4.514 ; train_group_ekd_loss: 2.008 ; train_group_dkd_loss: 0.448 ; train_contrastive_loss: 2.303 ; train_accTop1_target: 99.642 ; time: 25.374 ; train_acc_target: 99.642 ; train_acc_aux1: 99.656 ; train_acc_aux2: 99.814 ; train_acc_aux3: 99.814 ; train_acc_afm0: 99.670 ; train_acc_afm1: 99.670 ; train_acc_afm2: 99.672
2025-10-26 04:59:52,149:INFO: - Test metrics: test_loss: 6.940 ; test_true_loss: 5.388 ; test_group_ekd_loss: 1.022 ; test_group_dkd_loss: 0.301 ; test_contrastive_loss: 2.303 ; test_accTop1_target: 93.483 ; time: 3.129 ; test_acc_target: 93.483 ; test_acc_aux1: 93.888 ; test_acc_aux2: 93.908 ; test_acc_aux3: 93.839 ; test_accTop1_afm0: 93.641 ; test_accTop1_afm1: 93.641 ; test_accTop1_afm2: 93.651
2025-10-26 04:59:52,458:INFO: Epoch 292/300
2025-10-26 05:00:17,735:INFO: - Train metrics: train_loss: 7.216 ; train_true_loss: 4.530 ; train_group_ekd_loss: 2.009 ; train_group_dkd_loss: 0.448 ; train_contrastive_loss: 2.303 ; train_accTop1_target: 99.666 ; time: 25.274 ; train_acc_target: 99.666 ; train_acc_aux1: 99.582 ; train_acc_aux2: 99.778 ; train_acc_aux3: 99.844 ; train_acc_afm0: 99.686 ; train_acc_afm1: 99.688 ; train_acc_afm2: 99.688
2025-10-26 05:00:20,858:INFO: - Test metrics: test_loss: 6.947 ; test_true_loss: 5.384 ; test_group_ekd_loss: 1.025 ; test_group_dkd_loss: 0.308 ; test_contrastive_loss: 2.303 ; test_accTop1_target: 93.374 ; time: 3.121 ; test_acc_target: 93.374 ; test_acc_aux1: 93.641 ; test_acc_aux2: 94.116 ; test_acc_aux3: 93.908 ; test_accTop1_afm0: 93.542 ; test_accTop1_afm1: 93.542 ; test_accTop1_afm2: 93.532
2025-10-26 05:00:21,078:INFO: Epoch 293/300
2025-10-26 05:00:46,333:INFO: - Train metrics: train_loss: 7.193 ; train_true_loss: 4.511 ; train_group_ekd_loss: 2.002 ; train_group_dkd_loss: 0.450 ; train_contrastive_loss: 2.303 ; train_accTop1_target: 99.628 ; time: 25.251 ; train_acc_target: 99.628 ; train_acc_aux1: 99.624 ; train_acc_aux2: 99.800 ; train_acc_aux3: 99.810 ; train_acc_afm0: 99.658 ; train_acc_afm1: 99.660 ; train_acc_afm2: 99.660
2025-10-26 05:00:49,469:INFO: - Test metrics: test_loss: 6.925 ; test_true_loss: 5.365 ; test_group_ekd_loss: 1.022 ; test_group_dkd_loss: 0.308 ; test_contrastive_loss: 2.303 ; test_accTop1_target: 93.572 ; time: 3.133 ; test_acc_target: 93.572 ; test_acc_aux1: 93.641 ; test_acc_aux2: 94.185 ; test_acc_aux3: 94.086 ; test_accTop1_afm0: 93.691 ; test_accTop1_afm1: 93.691 ; test_accTop1_afm2: 93.691
2025-10-26 05:00:49,715:INFO: Epoch 294/300
2025-10-26 05:01:15,016:INFO: - Train metrics: train_loss: 7.231 ; train_true_loss: 4.542 ; train_group_ekd_loss: 2.008 ; train_group_dkd_loss: 0.451 ; train_contrastive_loss: 2.303 ; train_accTop1_target: 99.624 ; time: 25.298 ; train_acc_target: 99.624 ; train_acc_aux1: 99.576 ; train_acc_aux2: 99.788 ; train_acc_aux3: 99.820 ; train_acc_afm0: 99.644 ; train_acc_afm1: 99.644 ; train_acc_afm2: 99.648
2025-10-26 05:01:18,142:INFO: - Test metrics: test_loss: 6.934 ; test_true_loss: 5.393 ; test_group_ekd_loss: 1.012 ; test_group_dkd_loss: 0.299 ; test_contrastive_loss: 2.303 ; test_accTop1_target: 93.483 ; time: 3.123 ; test_acc_target: 93.483 ; test_acc_aux1: 93.612 ; test_acc_aux2: 94.047 ; test_acc_aux3: 94.076 ; test_accTop1_afm0: 93.612 ; test_accTop1_afm1: 93.612 ; test_accTop1_afm2: 93.612
2025-10-26 05:01:18,368:INFO: Epoch 295/300
2025-10-26 05:01:43,608:INFO: - Train metrics: train_loss: 7.193 ; train_true_loss: 4.505 ; train_group_ekd_loss: 2.010 ; train_group_dkd_loss: 0.448 ; train_contrastive_loss: 2.303 ; train_accTop1_target: 99.680 ; time: 25.236 ; train_acc_target: 99.680 ; train_acc_aux1: 99.646 ; train_acc_aux2: 99.822 ; train_acc_aux3: 99.842 ; train_acc_afm0: 99.698 ; train_acc_afm1: 99.698 ; train_acc_afm2: 99.700
2025-10-26 05:01:46,739:INFO: - Test metrics: test_loss: 6.931 ; test_true_loss: 5.361 ; test_group_ekd_loss: 1.023 ; test_group_dkd_loss: 0.317 ; test_contrastive_loss: 2.303 ; test_accTop1_target: 93.443 ; time: 3.130 ; test_acc_target: 93.443 ; test_acc_aux1: 93.780 ; test_acc_aux2: 94.136 ; test_acc_aux3: 94.126 ; test_accTop1_afm0: 93.671 ; test_accTop1_afm1: 93.681 ; test_accTop1_afm2: 93.661
2025-10-26 05:01:47,167:INFO: Epoch 296/300
2025-10-26 05:02:12,470:INFO: - Train metrics: train_loss: 7.216 ; train_true_loss: 4.528 ; train_group_ekd_loss: 2.010 ; train_group_dkd_loss: 0.447 ; train_contrastive_loss: 2.303 ; train_accTop1_target: 99.651 ; time: 25.299 ; train_acc_target: 99.651 ; train_acc_aux1: 99.691 ; train_acc_aux2: 99.789 ; train_acc_aux3: 99.837 ; train_acc_afm0: 99.683 ; train_acc_afm1: 99.681 ; train_acc_afm2: 99.679
2025-10-26 05:02:15,569:INFO: - Test metrics: test_loss: 6.936 ; test_true_loss: 5.382 ; test_group_ekd_loss: 1.023 ; test_group_dkd_loss: 0.301 ; test_contrastive_loss: 2.303 ; test_accTop1_target: 93.503 ; time: 3.096 ; test_acc_target: 93.503 ; test_acc_aux1: 94.027 ; test_acc_aux2: 94.076 ; test_acc_aux3: 94.155 ; test_accTop1_afm0: 93.631 ; test_accTop1_afm1: 93.631 ; test_accTop1_afm2: 93.621
2025-10-26 05:02:16,092:INFO: Epoch 297/300
2025-10-26 05:02:41,353:INFO: - Train metrics: train_loss: 7.200 ; train_true_loss: 4.512 ; train_group_ekd_loss: 2.011 ; train_group_dkd_loss: 0.447 ; train_contrastive_loss: 2.303 ; train_accTop1_target: 99.664 ; time: 25.257 ; train_acc_target: 99.664 ; train_acc_aux1: 99.674 ; train_acc_aux2: 99.828 ; train_acc_aux3: 99.840 ; train_acc_afm0: 99.682 ; train_acc_afm1: 99.684 ; train_acc_afm2: 99.684
2025-10-26 05:02:44,487:INFO: - Test metrics: test_loss: 6.908 ; test_true_loss: 5.363 ; test_group_ekd_loss: 1.013 ; test_group_dkd_loss: 0.301 ; test_contrastive_loss: 2.303 ; test_accTop1_target: 93.414 ; time: 3.132 ; test_acc_target: 93.414 ; test_acc_aux1: 93.720 ; test_acc_aux2: 94.116 ; test_acc_aux3: 93.888 ; test_accTop1_afm0: 93.532 ; test_accTop1_afm1: 93.532 ; test_accTop1_afm2: 93.532
2025-10-26 05:02:44,724:INFO: Epoch 298/300
2025-10-26 05:03:10,036:INFO: - Train metrics: train_loss: 7.189 ; train_true_loss: 4.504 ; train_group_ekd_loss: 2.006 ; train_group_dkd_loss: 0.449 ; train_contrastive_loss: 2.303 ; train_accTop1_target: 99.668 ; time: 25.308 ; train_acc_target: 99.668 ; train_acc_aux1: 99.662 ; train_acc_aux2: 99.826 ; train_acc_aux3: 99.848 ; train_acc_afm0: 99.702 ; train_acc_afm1: 99.702 ; train_acc_afm2: 99.702
2025-10-26 05:03:13,146:INFO: - Test metrics: test_loss: 6.934 ; test_true_loss: 5.366 ; test_group_ekd_loss: 1.024 ; test_group_dkd_loss: 0.314 ; test_contrastive_loss: 2.303 ; test_accTop1_target: 93.434 ; time: 3.108 ; test_acc_target: 93.434 ; test_acc_aux1: 93.799 ; test_acc_aux2: 94.047 ; test_acc_aux3: 93.879 ; test_accTop1_afm0: 93.513 ; test_accTop1_afm1: 93.513 ; test_accTop1_afm2: 93.523
2025-10-26 05:03:13,399:INFO: Epoch 299/300
2025-10-26 05:03:38,714:INFO: - Train metrics: train_loss: 7.221 ; train_true_loss: 4.530 ; train_group_ekd_loss: 2.013 ; train_group_dkd_loss: 0.449 ; train_contrastive_loss: 2.303 ; train_accTop1_target: 99.678 ; time: 25.311 ; train_acc_target: 99.678 ; train_acc_aux1: 99.668 ; train_acc_aux2: 99.800 ; train_acc_aux3: 99.822 ; train_acc_afm0: 99.702 ; train_acc_afm1: 99.702 ; train_acc_afm2: 99.704
2025-10-26 05:03:41,845:INFO: - Test metrics: test_loss: 6.926 ; test_true_loss: 5.377 ; test_group_ekd_loss: 1.020 ; test_group_dkd_loss: 0.299 ; test_contrastive_loss: 2.303 ; test_accTop1_target: 93.582 ; time: 3.128 ; test_acc_target: 93.582 ; test_acc_aux1: 93.651 ; test_acc_aux2: 94.037 ; test_acc_aux3: 94.185 ; test_accTop1_afm0: 93.750 ; test_accTop1_afm1: 93.750 ; test_accTop1_afm2: 93.740
2025-10-26 05:03:42,069:INFO: Epoch 300/300
2025-10-26 05:04:07,452:INFO: - Train metrics: train_loss: 7.177 ; train_true_loss: 4.493 ; train_group_ekd_loss: 2.005 ; train_group_dkd_loss: 0.449 ; train_contrastive_loss: 2.303 ; train_accTop1_target: 99.635 ; time: 25.379 ; train_acc_target: 99.635 ; train_acc_aux1: 99.652 ; train_acc_aux2: 99.832 ; train_acc_aux3: 99.844 ; train_acc_afm0: 99.665 ; train_acc_afm1: 99.665 ; train_acc_afm2: 99.667
2025-10-26 05:04:10,590:INFO: - Test metrics: test_loss: 6.935 ; test_true_loss: 5.360 ; test_group_ekd_loss: 1.028 ; test_group_dkd_loss: 0.318 ; test_contrastive_loss: 2.303 ; test_accTop1_target: 93.414 ; time: 3.135 ; test_acc_target: 93.414 ; test_acc_aux1: 93.295 ; test_acc_aux2: 94.057 ; test_acc_aux3: 94.047 ; test_accTop1_afm0: 93.631 ; test_accTop1_afm1: 93.631 ; test_accTop1_afm2: 93.631
2025-10-26 05:04:10,828:INFO: Total time: 6.07 hours
